"X1","X2","n","Sample_real","quantile_99_9","real_n"
450,"aggR11",16101,"aggR11_1",41.2496354721484,16059.7503645279
450,"dfrA243",511,"aggR11_1",3059.13029908572,NA
450,"sul336",65,"aggR11_1",651.156032356883,NA
450,"mcr28",290,"aggR11_1",3302.48592248652,NA
450,"dfrA15",6843,"aggR11_1",45044.3140768821,NA
450,"dfrA369",725,"aggR11_1",8679.36043701556,NA
450,"qnrB7",989,"aggR11_1",3932.28470087176,NA
450,"dfrA58",138,"aggR11_1",570.011106605434,NA
450,"aph6I29",419,"aggR11_1",1564.71149082057,NA
450,"invE132",205,"aggR11_1",1873.07522286973,NA
450,"aadA57",6,"aggR11_1",23.5136927375065,NA
450,"ant2Ia1",48,"aggR11_1",225.708178159779,NA
450,"stx23291",8,"aggR11_1",78.4426543581793,NA
450,"tetA13",74,"aggR11_1",179.496739852089,NA
450,"chuA24",23,"aggR11_1",120.880769045547,NA
450,"tetB43",22,"aggR11_1",186.174284143104,NA
450,"bfpA82",193,"aggR11_1",1344.94106231646,NA
450,"stx1301",60,"aggR11_1",383.16671651034,NA
450,"eae6271",60,"aggR11_1",513.949347429163,NA
450,"dfrA1",17,"aggR11_1",171.576934043566,NA
450,"ipaH921",164,"aggR11_1",892.457127114583,NA
450,"gadph195",14,"aggR11_1",105.058327370762,NA
450,"yjaA12",29,"aggR11_1",194.115628268021,NA
450,"sul15",96,"aggR11_1",406.852140513735,NA
450,"eltA73",15,"aggR11_1",100.946481015484,NA
450,"mphA18",2,"aggR11_1",17.0702477702863,NA
450,"aac3VI23",13,"aggR11_1",43.3275644759138,NA
450,"Tsp19",2,"aggR11_1",21.8678047948649,NA
450,"trpA354",27,"aggR11_1",134.062059371692,NA
450,"sul22",28,"aggR11_1",234.331413109493,NA
450,"aac6I6",6,"aggR11_1",24.2770971057034,NA
450,"tetM34",2,"aggR11_1",19.905700783891,NA
450,"mcr64",8,"aggR11_1",89.7884189932358,NA
450,"aadA1",2,"aggR11_1",14.1571352863536,NA
450,"aaiC17",1,"aggR11_1",20.0162425863696,NA
450,"qnrB35",1,"aggR11_1",1,NA
450,"stx11581",8,"aggR11_1",41.8241822416477,NA
450,"stx2181",2,"aggR11_1",28.4620161784287,NA
450,"uidA616",5,"aggR11_1",51.0816207588305,NA
450,"aaiC47",1,"aggR11_1",13.6202465566286,NA
450,"ipaH321",3,"aggR11_1",21.2616862461866,NA
450,"aadA21",1,"aggR11_1",9.14218305826812,NA
450,"astA13",2,"aggR11_1",10.8982949359371,NA
450,"aac3II63",1,"aggR11_1",3.768131939875,NA
450,"eae111",1,"aggR11_1",23.7304952007239,NA
451,"aggR11",14996,"aggR11_2",41.2496354721484,14954.7503645279
451,"aph6I29",556,"aggR11_2",1564.71149082057,NA
451,"dfrA15",7550,"aggR11_2",45044.3140768821,NA
451,"dfrA243",572,"aggR11_2",3059.13029908572,NA
451,"dfrA369",692,"aggR11_2",8679.36043701556,NA
451,"mcr28",272,"aggR11_2",3302.48592248652,NA
451,"tetA13",90,"aggR11_2",179.496739852089,NA
451,"aac3VI23",19,"aggR11_2",43.3275644759138,NA
451,"qnrB7",1027,"aggR11_2",3932.28470087176,NA
451,"ipaH921",200,"aggR11_2",892.457127114583,NA
451,"bfpA82",183,"aggR11_2",1344.94106231646,NA
451,"invE132",150,"aggR11_2",1873.07522286973,NA
451,"stx1301",44,"aggR11_2",383.16671651034,NA
451,"dfrA58",183,"aggR11_2",570.011106605434,NA
451,"stx11581",6,"aggR11_2",41.8241822416477,NA
451,"eae6271",34,"aggR11_2",513.949347429163,NA
451,"tetB43",28,"aggR11_2",186.174284143104,NA
451,"ant2Ia1",66,"aggR11_2",225.708178159779,NA
451,"eltA73",14,"aggR11_2",100.946481015484,NA
451,"sul15",140,"aggR11_2",406.852140513735,NA
451,"sul336",85,"aggR11_2",651.156032356883,NA
451,"trpA354",11,"aggR11_2",134.062059371692,NA
451,"uidA616",12,"aggR11_2",51.0816207588305,NA
451,"stx23291",9,"aggR11_2",78.4426543581793,NA
451,"astA13",3,"aggR11_2",10.8982949359371,NA
451,"chuA24",16,"aggR11_2",120.880769045547,NA
451,"eae111",3,"aggR11_2",23.7304952007239,NA
451,"aadA1",1,"aggR11_2",14.1571352863536,NA
451,"dfrA1",10,"aggR11_2",171.576934043566,NA
451,"sul22",29,"aggR11_2",234.331413109493,NA
451,"stx2181",4,"aggR11_2",28.4620161784287,NA
451,"yjaA12",19,"aggR11_2",194.115628268021,NA
451,"Tsp19",5,"aggR11_2",21.8678047948649,NA
451,"mcr64",6,"aggR11_2",89.7884189932358,NA
451,"gadph195",16,"aggR11_2",105.058327370762,NA
451,"aap223",1,"aggR11_2",2.87320121980796,NA
451,"aadA57",8,"aggR11_2",23.5136927375065,NA
451,"aaiC47",2,"aggR11_2",13.6202465566286,NA
451,"aaiC17",4,"aggR11_2",20.0162425863696,NA
451,"ipaH321",6,"aggR11_2",21.2616862461866,NA
451,"aac6I123",1,"aggR11_2",11.3437589734004,NA
451,"aac6I6",1,"aggR11_2",24.2770971057034,NA
451,"tetM34",1,"aggR11_2",19.905700783891,NA
451,"eltB12",1,"aggR11_2",4.11448275856325,NA
452,"qnrB7",1070,"aaiC47_1",3932.28470087176,NA
452,"aaiC47",5372,"aaiC47_1",13.6202465566286,5358.37975344337
452,"dfrA15",7485,"aaiC47_1",45044.3140768821,NA
452,"aph6I29",585,"aaiC47_1",1564.71149082057,NA
452,"sul336",98,"aaiC47_1",651.156032356883,NA
452,"mcr28",271,"aaiC47_1",3302.48592248652,NA
452,"dfrA243",612,"aaiC47_1",3059.13029908572,NA
452,"ant2Ia1",69,"aaiC47_1",225.708178159779,NA
452,"dfrA369",707,"aaiC47_1",8679.36043701556,NA
452,"eae6271",61,"aaiC47_1",513.949347429163,NA
452,"ipaH921",212,"aaiC47_1",892.457127114583,NA
452,"dfrA58",192,"aaiC47_1",570.011106605434,NA
452,"bfpA82",180,"aaiC47_1",1344.94106231646,NA
452,"sul15",98,"aaiC47_1",406.852140513735,NA
452,"tetA13",95,"aaiC47_1",179.496739852089,NA
452,"sul22",17,"aaiC47_1",234.331413109493,NA
452,"stx1301",45,"aaiC47_1",383.16671651034,NA
452,"invE132",172,"aaiC47_1",1873.07522286973,NA
452,"aadA57",5,"aaiC47_1",23.5136927375065,NA
452,"tetB43",25,"aaiC47_1",186.174284143104,NA
452,"aac3VI23",31,"aaiC47_1",43.3275644759138,NA
452,"gadph195",20,"aaiC47_1",105.058327370762,NA
452,"dfrA1",12,"aaiC47_1",171.576934043566,NA
452,"eltA73",16,"aaiC47_1",100.946481015484,NA
452,"mcr64",6,"aaiC47_1",89.7884189932358,NA
452,"stx23291",10,"aaiC47_1",78.4426543581793,NA
452,"yjaA12",19,"aaiC47_1",194.115628268021,NA
452,"astA13",4,"aaiC47_1",10.8982949359371,NA
452,"ipaH321",10,"aaiC47_1",21.2616862461866,NA
452,"qnrS1",1,"aaiC47_1",7.41224995740564,NA
452,"trpA354",27,"aaiC47_1",134.062059371692,NA
452,"chuA24",20,"aaiC47_1",120.880769045547,NA
452,"aac6I6",3,"aaiC47_1",24.2770971057034,NA
452,"aggR11",2,"aaiC47_1",41.2496354721484,NA
452,"mphA18",3,"aaiC47_1",17.0702477702863,NA
452,"Tsp19",6,"aaiC47_1",21.8678047948649,NA
452,"eae111",4,"aaiC47_1",23.7304952007239,NA
452,"stx11581",6,"aaiC47_1",41.8241822416477,NA
452,"uidA616",7,"aaiC47_1",51.0816207588305,NA
452,"estIa94",1,"aaiC47_1",7.15894419987053,NA
452,"stx2181",1,"aaiC47_1",28.4620161784287,NA
452,"ermB1",1,"aaiC47_1",9.18421024727134,NA
452,"tetM34",1,"aaiC47_1",19.905700783891,NA
453,"dfrA15",7229,"aaiC47_2",45044.3140768821,NA
453,"aaiC47",5447,"aaiC47_2",13.6202465566286,5433.37975344337
453,"qnrB7",1034,"aaiC47_2",3932.28470087176,NA
453,"dfrA369",768,"aaiC47_2",8679.36043701556,NA
453,"aph6I29",500,"aaiC47_2",1564.71149082057,NA
453,"dfrA243",585,"aaiC47_2",3059.13029908572,NA
453,"ipaH921",192,"aaiC47_2",892.457127114583,NA
453,"tetA13",103,"aaiC47_2",179.496739852089,NA
453,"bfpA82",187,"aaiC47_2",1344.94106231646,NA
453,"dfrA58",186,"aaiC47_2",570.011106605434,NA
453,"invE132",202,"aaiC47_2",1873.07522286973,NA
453,"mcr28",339,"aaiC47_2",3302.48592248652,NA
453,"tetB43",32,"aaiC47_2",186.174284143104,NA
453,"eae6271",34,"aaiC47_2",513.949347429163,NA
453,"sul336",79,"aaiC47_2",651.156032356883,NA
453,"eltA73",14,"aaiC47_2",100.946481015484,NA
453,"sul22",18,"aaiC47_2",234.331413109493,NA
453,"ant2Ia1",49,"aaiC47_2",225.708178159779,NA
453,"sul15",107,"aaiC47_2",406.852140513735,NA
453,"gadph195",11,"aaiC47_2",105.058327370762,NA
453,"chuA24",20,"aaiC47_2",120.880769045547,NA
453,"stx1301",45,"aaiC47_2",383.16671651034,NA
453,"trpA354",22,"aaiC47_2",134.062059371692,NA
453,"dfrA1",17,"aaiC47_2",171.576934043566,NA
453,"stx23291",11,"aaiC47_2",78.4426543581793,NA
453,"aac3VI23",28,"aaiC47_2",43.3275644759138,NA
453,"mcr64",7,"aaiC47_2",89.7884189932358,NA
453,"yjaA12",23,"aaiC47_2",194.115628268021,NA
453,"stx11581",4,"aaiC47_2",41.8241822416477,NA
453,"aaiC17",3,"aaiC47_2",20.0162425863696,NA
453,"aadA57",7,"aaiC47_2",23.5136927375065,NA
453,"aadA1",1,"aaiC47_2",14.1571352863536,NA
453,"Tsp19",4,"aaiC47_2",21.8678047948649,NA
453,"uidA616",7,"aaiC47_2",51.0816207588305,NA
453,"aac6I6",5,"aaiC47_2",24.2770971057034,NA
453,"stx2181",4,"aaiC47_2",28.4620161784287,NA
453,"mphA18",2,"aaiC47_2",17.0702477702863,NA
453,"aap223",1,"aaiC47_2",2.87320121980796,NA
453,"astA13",1,"aaiC47_2",10.8982949359371,NA
453,"eae111",1,"aaiC47_2",23.7304952007239,NA
453,"aac3II63",1,"aaiC47_2",3.768131939875,NA
453,"bfpF56",1,"aaiC47_2",2.97627866533694,NA
453,"ipaH321",2,"aaiC47_2",21.2616862461866,NA
453,"tetM34",1,"aaiC47_2",19.905700783891,NA
453,"estIa94",1,"aaiC47_2",7.15894419987053,NA
454,"dfrA15",4287,"K_oxytoca_1",45044.3140768821,NA
454,"stx1301",22,"K_oxytoca_1",383.16671651034,NA
454,"aph6I29",362,"K_oxytoca_1",1564.71149082057,NA
454,"qnrB7",486,"K_oxytoca_1",3932.28470087176,NA
454,"ipaH921",122,"K_oxytoca_1",892.457127114583,NA
454,"aadA57",5,"K_oxytoca_1",23.5136927375065,NA
454,"gadph195",168,"K_oxytoca_1",105.058327370762,62.9416726292383
454,"invE132",70,"K_oxytoca_1",1873.07522286973,NA
454,"tetA13",52,"K_oxytoca_1",179.496739852089,NA
454,"dfrA243",267,"K_oxytoca_1",3059.13029908572,NA
454,"mcr28",45,"K_oxytoca_1",3302.48592248652,NA
454,"bfpA82",115,"K_oxytoca_1",1344.94106231646,NA
454,"dfrA369",120,"K_oxytoca_1",8679.36043701556,NA
454,"yjaA12",7,"K_oxytoca_1",194.115628268021,NA
454,"dfrA58",128,"K_oxytoca_1",570.011106605434,NA
454,"eae6271",31,"K_oxytoca_1",513.949347429163,NA
454,"sul15",76,"K_oxytoca_1",406.852140513735,NA
454,"sul22",11,"K_oxytoca_1",234.331413109493,NA
454,"sul336",52,"K_oxytoca_1",651.156032356883,NA
454,"aac6I6",2,"K_oxytoca_1",24.2770971057034,NA
454,"tetB43",12,"K_oxytoca_1",186.174284143104,NA
454,"stx11581",2,"K_oxytoca_1",41.8241822416477,NA
454,"dfrA1",4,"K_oxytoca_1",171.576934043566,NA
454,"trpA354",14,"K_oxytoca_1",134.062059371692,NA
454,"stx23291",8,"K_oxytoca_1",78.4426543581793,NA
454,"uidA616",7,"K_oxytoca_1",51.0816207588305,NA
454,"ipaH321",3,"K_oxytoca_1",21.2616862461866,NA
454,"aac3VI23",8,"K_oxytoca_1",43.3275644759138,NA
454,"chuA24",15,"K_oxytoca_1",120.880769045547,NA
454,"ant2Ia1",26,"K_oxytoca_1",225.708178159779,NA
454,"aac3II63",2,"K_oxytoca_1",3.768131939875,NA
454,"arpA19",1,"K_oxytoca_1",7.89715486823765,NA
454,"stx2181",3,"K_oxytoca_1",28.4620161784287,NA
454,"eltA73",6,"K_oxytoca_1",100.946481015484,NA
454,"Tsp19",1,"K_oxytoca_1",21.8678047948649,NA
454,"astA13",1,"K_oxytoca_1",10.8982949359371,NA
454,"aaiC17",1,"K_oxytoca_1",20.0162425863696,NA
454,"aadA1",1,"K_oxytoca_1",14.1571352863536,NA
454,"mphA18",2,"K_oxytoca_1",17.0702477702863,NA
454,"eae111",1,"K_oxytoca_1",23.7304952007239,NA
454,"bfpF56",1,"K_oxytoca_1",2.97627866533694,NA
454,"mcr64",1,"K_oxytoca_1",89.7884189932358,NA
455,"aadA57",15,"K_oxytoca_2",23.5136927375065,NA
455,"dfrA15",6205,"K_oxytoca_2",45044.3140768821,NA
455,"mcr28",64,"K_oxytoca_2",3302.48592248652,NA
455,"bfpA82",159,"K_oxytoca_2",1344.94106231646,NA
455,"aph6I29",548,"K_oxytoca_2",1564.71149082057,NA
455,"qnrB7",734,"K_oxytoca_2",3932.28470087176,NA
455,"dfrA58",154,"K_oxytoca_2",570.011106605434,NA
455,"ipaH921",188,"K_oxytoca_2",892.457127114583,NA
455,"tetA13",81,"K_oxytoca_2",179.496739852089,NA
455,"stx1301",33,"K_oxytoca_2",383.16671651034,NA
455,"dfrA243",414,"K_oxytoca_2",3059.13029908572,NA
455,"eae6271",29,"K_oxytoca_2",513.949347429163,NA
455,"stx23291",5,"K_oxytoca_2",78.4426543581793,NA
455,"sul15",112,"K_oxytoca_2",406.852140513735,NA
455,"sul22",25,"K_oxytoca_2",234.331413109493,NA
455,"dfrA369",151,"K_oxytoca_2",8679.36043701556,NA
455,"yjaA12",20,"K_oxytoca_2",194.115628268021,NA
455,"invE132",107,"K_oxytoca_2",1873.07522286973,NA
455,"Tsp19",9,"K_oxytoca_2",21.8678047948649,NA
455,"sul336",55,"K_oxytoca_2",651.156032356883,NA
455,"ant2Ia1",43,"K_oxytoca_2",225.708178159779,NA
455,"tetB43",18,"K_oxytoca_2",186.174284143104,NA
455,"trpA354",9,"K_oxytoca_2",134.062059371692,NA
455,"gadph195",188,"K_oxytoca_2",105.058327370762,82.9416726292383
455,"ipaH321",2,"K_oxytoca_2",21.2616862461866,NA
455,"aac6I6",4,"K_oxytoca_2",24.2770971057034,NA
455,"eltA73",26,"K_oxytoca_2",100.946481015484,NA
455,"chuA24",21,"K_oxytoca_2",120.880769045547,NA
455,"uidA616",10,"K_oxytoca_2",51.0816207588305,NA
455,"aac3VI23",16,"K_oxytoca_2",43.3275644759138,NA
455,"aap223",2,"K_oxytoca_2",2.87320121980796,NA
455,"dfrA1",2,"K_oxytoca_2",171.576934043566,NA
455,"mphA18",2,"K_oxytoca_2",17.0702477702863,NA
455,"aac6I123",1,"K_oxytoca_2",11.3437589734004,NA
455,"mcr64",3,"K_oxytoca_2",89.7884189932358,NA
455,"aadA1",5,"K_oxytoca_2",14.1571352863536,NA
455,"aac3II63",3,"K_oxytoca_2",3.768131939875,NA
455,"eae111",1,"K_oxytoca_2",23.7304952007239,NA
455,"stx11581",1,"K_oxytoca_2",41.8241822416477,NA
455,"stx2181",1,"K_oxytoca_2",28.4620161784287,NA
456,"sul22",1600,"S_enterica_1",234.331413109493,1365.66858689051
456,"dfrA15",6672,"S_enterica_1",45044.3140768821,NA
456,"aph6I29",5098,"S_enterica_1",1564.71149082057,3533.28850917943
456,"ipaH921",201,"S_enterica_1",892.457127114583,NA
456,"qnrB7",747,"S_enterica_1",3932.28470087176,NA
456,"sul336",66,"S_enterica_1",651.156032356883,NA
456,"dfrA369",160,"S_enterica_1",8679.36043701556,NA
456,"sul15",143,"S_enterica_1",406.852140513735,NA
456,"stx1301",38,"S_enterica_1",383.16671651034,NA
456,"ant2Ia1",43,"S_enterica_1",225.708178159779,NA
456,"invE132",243,"S_enterica_1",1873.07522286973,NA
456,"mcr28",41,"S_enterica_1",3302.48592248652,NA
456,"yjaA12",21,"S_enterica_1",194.115628268021,NA
456,"dfrA243",354,"S_enterica_1",3059.13029908572,NA
456,"dfrA58",143,"S_enterica_1",570.011106605434,NA
456,"bfpA82",127,"S_enterica_1",1344.94106231646,NA
456,"eae6271",23,"S_enterica_1",513.949347429163,NA
456,"trpA354",15,"S_enterica_1",134.062059371692,NA
456,"aadA57",4,"S_enterica_1",23.5136927375065,NA
456,"aac3VI23",23,"S_enterica_1",43.3275644759138,NA
456,"tetA13",96,"S_enterica_1",179.496739852089,NA
456,"chuA24",15,"S_enterica_1",120.880769045547,NA
456,"stx23291",9,"S_enterica_1",78.4426543581793,NA
456,"tetB43",22,"S_enterica_1",186.174284143104,NA
456,"ipaH321",3,"S_enterica_1",21.2616862461866,NA
456,"estIa1515",1,"S_enterica_1",4.64619414520943,NA
456,"gadph195",19,"S_enterica_1",105.058327370762,NA
456,"mphA18",5,"S_enterica_1",17.0702477702863,NA
456,"stx2181",3,"S_enterica_1",28.4620161784287,NA
456,"dfrA1",3,"S_enterica_1",171.576934043566,NA
456,"eltA73",16,"S_enterica_1",100.946481015484,NA
456,"aggR11",1,"S_enterica_1",41.2496354721484,NA
456,"aadA1",1,"S_enterica_1",14.1571352863536,NA
456,"Tsp19",6,"S_enterica_1",21.8678047948649,NA
456,"stx11581",1,"S_enterica_1",41.8241822416477,NA
456,"aac6I6",1,"S_enterica_1",24.2770971057034,NA
456,"uidA616",8,"S_enterica_1",51.0816207588305,NA
456,"bfpF56",1,"S_enterica_1",2.97627866533694,NA
456,"eae111",2,"S_enterica_1",23.7304952007239,NA
456,"astA13",2,"S_enterica_1",10.8982949359371,NA
457,"dfrA15",9641,"zNegative_1",45044.3140768821,NA
457,"dfrA369",1000,"zNegative_1",8679.36043701556,NA
457,"chuA24",29,"zNegative_1",120.880769045547,NA
457,"dfrA243",749,"zNegative_1",3059.13029908572,NA
457,"qnrB7",1433,"zNegative_1",3932.28470087176,NA
457,"bfpA82",254,"zNegative_1",1344.94106231646,NA
457,"mcr28",374,"zNegative_1",3302.48592248652,NA
457,"dfrA58",237,"zNegative_1",570.011106605434,NA
457,"ant2Ia1",88,"zNegative_1",225.708178159779,NA
457,"invE132",221,"zNegative_1",1873.07522286973,NA
457,"aadA57",10,"zNegative_1",23.5136927375065,NA
457,"aph6I29",754,"zNegative_1",1564.71149082057,NA
457,"tetB43",32,"zNegative_1",186.174284143104,NA
457,"ipaH921",267,"zNegative_1",892.457127114583,NA
457,"tetA13",86,"zNegative_1",179.496739852089,NA
457,"gadph195",21,"zNegative_1",105.058327370762,NA
457,"sul336",110,"zNegative_1",651.156032356883,NA
457,"Tsp19",4,"zNegative_1",21.8678047948649,NA
457,"sul15",139,"zNegative_1",406.852140513735,NA
457,"yjaA12",26,"zNegative_1",194.115628268021,NA
457,"stx1301",58,"zNegative_1",383.16671651034,NA
457,"dfrA1",16,"zNegative_1",171.576934043566,NA
457,"stx23291",18,"zNegative_1",78.4426543581793,NA
457,"eae6271",75,"zNegative_1",513.949347429163,NA
457,"stx2181",8,"zNegative_1",28.4620161784287,NA
457,"aac3VI23",26,"zNegative_1",43.3275644759138,NA
457,"aac6I6",4,"zNegative_1",24.2770971057034,NA
457,"eltA73",20,"zNegative_1",100.946481015484,NA
457,"sul22",28,"zNegative_1",234.331413109493,NA
457,"trpA354",30,"zNegative_1",134.062059371692,NA
457,"aaiC47",1,"zNegative_1",13.6202465566286,NA
457,"stx11581",7,"zNegative_1",41.8241822416477,NA
457,"aggR11",2,"zNegative_1",41.2496354721484,NA
457,"uidA616",14,"zNegative_1",51.0816207588305,NA
457,"aac6I123",2,"zNegative_1",11.3437589734004,NA
457,"arpA19",1,"zNegative_1",7.89715486823765,NA
457,"ipaH321",8,"zNegative_1",21.2616862461866,NA
457,"bfpF56",1,"zNegative_1",2.97627866533694,NA
457,"mphA18",2,"zNegative_1",17.0702477702863,NA
457,"mcr64",3,"zNegative_1",89.7884189932358,NA
457,"aac3II63",2,"zNegative_1",3.768131939875,NA
457,"aadA1",1,"zNegative_1",14.1571352863536,NA
457,"eltA4510",1,"zNegative_1",6.28783638827619,NA
457,"eae111",1,"zNegative_1",23.7304952007239,NA
457,"astA13",2,"zNegative_1",10.8982949359371,NA
457,"aadA21",1,"zNegative_1",9.14218305826812,NA
457,"aap223",1,"zNegative_1",2.87320121980796,NA
457,"tetM34",1,"zNegative_1",19.905700783891,NA
457,"estIa94",1,"zNegative_1",7.15894419987053,NA
458,"sul22",1623,"S_enterica_2",234.331413109493,1388.66858689051
458,"dfrA15",6727,"S_enterica_2",45044.3140768821,NA
458,"aph6I29",4238,"S_enterica_2",1564.71149082057,2673.28850917943
458,"dfrA243",342,"S_enterica_2",3059.13029908572,NA
458,"aadA57",5,"S_enterica_2",23.5136927375065,NA
458,"qnrB7",856,"S_enterica_2",3932.28470087176,NA
458,"dfrA58",153,"S_enterica_2",570.011106605434,NA
458,"sul15",121,"S_enterica_2",406.852140513735,NA
458,"ipaH921",183,"S_enterica_2",892.457127114583,NA
458,"invE132",225,"S_enterica_2",1873.07522286973,NA
458,"bfpA82",152,"S_enterica_2",1344.94106231646,NA
458,"stx1301",29,"S_enterica_2",383.16671651034,NA
458,"eltA73",16,"S_enterica_2",100.946481015484,NA
458,"sul336",64,"S_enterica_2",651.156032356883,NA
458,"eae6271",29,"S_enterica_2",513.949347429163,NA
458,"tetA13",104,"S_enterica_2",179.496739852089,NA
458,"mcr28",51,"S_enterica_2",3302.48592248652,NA
458,"tetB43",28,"S_enterica_2",186.174284143104,NA
458,"aac3VI23",21,"S_enterica_2",43.3275644759138,NA
458,"gadph195",22,"S_enterica_2",105.058327370762,NA
458,"ant2Ia1",41,"S_enterica_2",225.708178159779,NA
458,"dfrA369",173,"S_enterica_2",8679.36043701556,NA
458,"aac6I6",3,"S_enterica_2",24.2770971057034,NA
458,"aadA21",1,"S_enterica_2",9.14218305826812,NA
458,"aap223",1,"S_enterica_2",2.87320121980796,NA
458,"trpA354",19,"S_enterica_2",134.062059371692,NA
458,"yjaA12",23,"S_enterica_2",194.115628268021,NA
458,"stx11581",2,"S_enterica_2",41.8241822416477,NA
458,"ipaH321",6,"S_enterica_2",21.2616862461866,NA
458,"uidA616",10,"S_enterica_2",51.0816207588305,NA
458,"mcr64",4,"S_enterica_2",89.7884189932358,NA
458,"chuA24",17,"S_enterica_2",120.880769045547,NA
458,"stx23291",16,"S_enterica_2",78.4426543581793,NA
458,"mphA18",5,"S_enterica_2",17.0702477702863,NA
458,"Tsp19",3,"S_enterica_2",21.8678047948649,NA
458,"aac6I123",2,"S_enterica_2",11.3437589734004,NA
458,"dfrA1",4,"S_enterica_2",171.576934043566,NA
458,"astA13",2,"S_enterica_2",10.8982949359371,NA
458,"qnrS1",1,"S_enterica_2",7.41224995740564,NA
458,"aac3II63",1,"S_enterica_2",3.768131939875,NA
458,"aaiC17",2,"S_enterica_2",20.0162425863696,NA
458,"stx2181",1,"S_enterica_2",28.4620161784287,NA
458,"bfpF56",1,"S_enterica_2",2.97627866533694,NA
458,"eae111",1,"S_enterica_2",23.7304952007239,NA
459,"dfrA15",8857,"V_cholera_1",45044.3140768821,NA
459,"dfrA369",246,"V_cholera_1",8679.36043701556,NA
459,"trpA354",30,"V_cholera_1",134.062059371692,NA
459,"qnrB7",777,"V_cholera_1",3932.28470087176,NA
459,"dfrA243",574,"V_cholera_1",3059.13029908572,NA
459,"invE132",157,"V_cholera_1",1873.07522286973,NA
459,"stx1301",51,"V_cholera_1",383.16671651034,NA
459,"bfpA82",207,"V_cholera_1",1344.94106231646,NA
459,"sul22",35,"V_cholera_1",234.331413109493,NA
459,"ipaH921",263,"V_cholera_1",892.457127114583,NA
459,"dfrA58",211,"V_cholera_1",570.011106605434,NA
459,"aph6I29",732,"V_cholera_1",1564.71149082057,NA
459,"tetA13",93,"V_cholera_1",179.496739852089,NA
459,"eae6271",53,"V_cholera_1",513.949347429163,NA
459,"eltA73",27,"V_cholera_1",100.946481015484,NA
459,"sul15",147,"V_cholera_1",406.852140513735,NA
459,"mcr28",143,"V_cholera_1",3302.48592248652,NA
459,"gadph195",18,"V_cholera_1",105.058327370762,NA
459,"stx2181",7,"V_cholera_1",28.4620161784287,NA
459,"tetB43",39,"V_cholera_1",186.174284143104,NA
459,"astA13",4,"V_cholera_1",10.8982949359371,NA
459,"stx23291",13,"V_cholera_1",78.4426543581793,NA
459,"ant2Ia1",59,"V_cholera_1",225.708178159779,NA
459,"yjaA12",29,"V_cholera_1",194.115628268021,NA
459,"sul336",99,"V_cholera_1",651.156032356883,NA
459,"chuA24",45,"V_cholera_1",120.880769045547,NA
459,"aadA1",4,"V_cholera_1",14.1571352863536,NA
459,"aadA57",10,"V_cholera_1",23.5136927375065,NA
459,"aac3VI23",21,"V_cholera_1",43.3275644759138,NA
459,"mphA18",6,"V_cholera_1",17.0702477702863,NA
459,"aap223",1,"V_cholera_1",2.87320121980796,NA
459,"ipaH321",10,"V_cholera_1",21.2616862461866,NA
459,"eae111",1,"V_cholera_1",23.7304952007239,NA
459,"uidA616",15,"V_cholera_1",51.0816207588305,NA
459,"mcr64",11,"V_cholera_1",89.7884189932358,NA
459,"stx11581",2,"V_cholera_1",41.8241822416477,NA
459,"aac6I123",2,"V_cholera_1",11.3437589734004,NA
459,"aac3II63",2,"V_cholera_1",3.768131939875,NA
459,"dfrA1",3,"V_cholera_1",171.576934043566,NA
459,"aac6I6",3,"V_cholera_1",24.2770971057034,NA
459,"aggR11",2,"V_cholera_1",41.2496354721484,NA
459,"Tsp19",3,"V_cholera_1",21.8678047948649,NA
459,"bfpF56",1,"V_cholera_1",2.97627866533694,NA
459,"aaiC47",1,"V_cholera_1",13.6202465566286,NA
460,"dfrA15",8273,"V_cholera_2",45044.3140768821,NA
460,"dfrA58",208,"V_cholera_2",570.011106605434,NA
460,"qnrB7",768,"V_cholera_2",3932.28470087176,NA
460,"dfrA243",548,"V_cholera_2",3059.13029908572,NA
460,"aph6I29",759,"V_cholera_2",1564.71149082057,NA
460,"dfrA369",159,"V_cholera_2",8679.36043701556,NA
460,"sul336",70,"V_cholera_2",651.156032356883,NA
460,"mcr28",68,"V_cholera_2",3302.48592248652,NA
460,"sul15",133,"V_cholera_2",406.852140513735,NA
460,"invE132",131,"V_cholera_2",1873.07522286973,NA
460,"tetA13",115,"V_cholera_2",179.496739852089,NA
460,"ipaH921",257,"V_cholera_2",892.457127114583,NA
460,"chuA24",40,"V_cholera_2",120.880769045547,NA
460,"tetM34",2,"V_cholera_2",19.905700783891,NA
460,"stx23291",10,"V_cholera_2",78.4426543581793,NA
460,"aac3VI23",35,"V_cholera_2",43.3275644759138,NA
460,"eltA73",25,"V_cholera_2",100.946481015484,NA
460,"eae6271",32,"V_cholera_2",513.949347429163,NA
460,"uidA616",12,"V_cholera_2",51.0816207588305,NA
460,"ant2Ia1",69,"V_cholera_2",225.708178159779,NA
460,"bfpA82",169,"V_cholera_2",1344.94106231646,NA
460,"sul22",27,"V_cholera_2",234.331413109493,NA
460,"gadph195",23,"V_cholera_2",105.058327370762,NA
460,"aac6I123",2,"V_cholera_2",11.3437589734004,NA
460,"aadA57",8,"V_cholera_2",23.5136927375065,NA
460,"mcr64",7,"V_cholera_2",89.7884189932358,NA
460,"yjaA12",41,"V_cholera_2",194.115628268021,NA
460,"stx1301",41,"V_cholera_2",383.16671651034,NA
460,"tetB43",25,"V_cholera_2",186.174284143104,NA
460,"dfrA1",2,"V_cholera_2",171.576934043566,NA
460,"ipaH321",7,"V_cholera_2",21.2616862461866,NA
460,"trpA354",14,"V_cholera_2",134.062059371692,NA
460,"mphA18",2,"V_cholera_2",17.0702477702863,NA
460,"aggR11",2,"V_cholera_2",41.2496354721484,NA
460,"Tsp19",7,"V_cholera_2",21.8678047948649,NA
460,"aadA1",2,"V_cholera_2",14.1571352863536,NA
460,"aac6I6",4,"V_cholera_2",24.2770971057034,NA
460,"astA13",3,"V_cholera_2",10.8982949359371,NA
460,"qnrS1",1,"V_cholera_2",7.41224995740564,NA
460,"aac3II63",1,"V_cholera_2",3.768131939875,NA
460,"ermB1",1,"V_cholera_2",9.18421024727134,NA
460,"aaiC17",1,"V_cholera_2",20.0162425863696,NA
460,"eae111",1,"V_cholera_2",23.7304952007239,NA
461,"dfrA15",5320,"Kp_S100_1",45044.3140768821,NA
461,"aph6I29",525,"Kp_S100_1",1564.71149082057,NA
461,"bfpA82",122,"Kp_S100_1",1344.94106231646,NA
461,"ipaH921",132,"Kp_S100_1",892.457127114583,NA
461,"dfrA243",246,"Kp_S100_1",3059.13029908572,NA
461,"qnrB7",650,"Kp_S100_1",3932.28470087176,NA
461,"dfrA369",171,"Kp_S100_1",8679.36043701556,NA
461,"gadph195",369,"Kp_S100_1",105.058327370762,263.941672629238
461,"sul22",27,"Kp_S100_1",234.331413109493,NA
461,"uidA616",10,"Kp_S100_1",51.0816207588305,NA
461,"dfrA58",95,"Kp_S100_1",570.011106605434,NA
461,"trpA354",8,"Kp_S100_1",134.062059371692,NA
461,"sul336",59,"Kp_S100_1",651.156032356883,NA
461,"tetB43",27,"Kp_S100_1",186.174284143104,NA
461,"tetA13",69,"Kp_S100_1",179.496739852089,NA
461,"sul15",108,"Kp_S100_1",406.852140513735,NA
461,"eae6271",26,"Kp_S100_1",513.949347429163,NA
461,"invE132",72,"Kp_S100_1",1873.07522286973,NA
461,"ant2Ia1",27,"Kp_S100_1",225.708178159779,NA
461,"mcr28",50,"Kp_S100_1",3302.48592248652,NA
461,"aac3VI23",22,"Kp_S100_1",43.3275644759138,NA
461,"Tsp19",4,"Kp_S100_1",21.8678047948649,NA
461,"aadA57",4,"Kp_S100_1",23.5136927375065,NA
461,"stx1301",27,"Kp_S100_1",383.16671651034,NA
461,"aadA1",3,"Kp_S100_1",14.1571352863536,NA
461,"chuA24",10,"Kp_S100_1",120.880769045547,NA
461,"yjaA12",13,"Kp_S100_1",194.115628268021,NA
461,"stx23291",11,"Kp_S100_1",78.4426543581793,NA
461,"mphA18",4,"Kp_S100_1",17.0702477702863,NA
461,"eltA73",6,"Kp_S100_1",100.946481015484,NA
461,"ipaH321",7,"Kp_S100_1",21.2616862461866,NA
461,"aac6I123",2,"Kp_S100_1",11.3437589734004,NA
461,"dfrA1",9,"Kp_S100_1",171.576934043566,NA
461,"stx11581",2,"Kp_S100_1",41.8241822416477,NA
461,"stx2181",3,"Kp_S100_1",28.4620161784287,NA
461,"aap223",1,"Kp_S100_1",2.87320121980796,NA
461,"aac3II63",1,"Kp_S100_1",3.768131939875,NA
461,"mcr64",3,"Kp_S100_1",89.7884189932358,NA
461,"aaiC47",1,"Kp_S100_1",13.6202465566286,NA
461,"qnrS1",2,"Kp_S100_1",7.41224995740564,NA
462,"aadA57",5,"Kp_S100_2",23.5136927375065,NA
462,"dfrA15",4314,"Kp_S100_2",45044.3140768821,NA
462,"sul15",85,"Kp_S100_2",406.852140513735,NA
462,"gadph195",404,"Kp_S100_2",105.058327370762,298.941672629238
462,"mcr28",34,"Kp_S100_2",3302.48592248652,NA
462,"qnrB7",555,"Kp_S100_2",3932.28470087176,NA
462,"dfrA369",130,"Kp_S100_2",8679.36043701556,NA
462,"tetA13",64,"Kp_S100_2",179.496739852089,NA
462,"dfrA58",85,"Kp_S100_2",570.011106605434,NA
462,"dfrA243",186,"Kp_S100_2",3059.13029908572,NA
462,"sul336",46,"Kp_S100_2",651.156032356883,NA
462,"aph6I29",442,"Kp_S100_2",1564.71149082057,NA
462,"ipaH921",110,"Kp_S100_2",892.457127114583,NA
462,"invE132",70,"Kp_S100_2",1873.07522286973,NA
462,"eae6271",20,"Kp_S100_2",513.949347429163,NA
462,"bfpA82",77,"Kp_S100_2",1344.94106231646,NA
462,"stx23291",9,"Kp_S100_2",78.4426543581793,NA
462,"ant2Ia1",24,"Kp_S100_2",225.708178159779,NA
462,"aac3VI23",15,"Kp_S100_2",43.3275644759138,NA
462,"yjaA12",13,"Kp_S100_2",194.115628268021,NA
462,"sul22",15,"Kp_S100_2",234.331413109493,NA
462,"chuA24",18,"Kp_S100_2",120.880769045547,NA
462,"aatA12314",1,"Kp_S100_2",3.3721961330149,NA
462,"tetB43",14,"Kp_S100_2",186.174284143104,NA
462,"stx1301",19,"Kp_S100_2",383.16671651034,NA
462,"uidA616",4,"Kp_S100_2",51.0816207588305,NA
462,"eltA73",8,"Kp_S100_2",100.946481015484,NA
462,"astA13",2,"Kp_S100_2",10.8982949359371,NA
462,"aac6I123",1,"Kp_S100_2",11.3437589734004,NA
462,"dfrA1",1,"Kp_S100_2",171.576934043566,NA
462,"Tsp19",2,"Kp_S100_2",21.8678047948649,NA
462,"aac6I6",1,"Kp_S100_2",24.2770971057034,NA
462,"mcr64",1,"Kp_S100_2",89.7884189932358,NA
462,"aac3II63",1,"Kp_S100_2",3.768131939875,NA
462,"trpA354",4,"Kp_S100_2",134.062059371692,NA
462,"mphA18",1,"Kp_S100_2",17.0702477702863,NA
462,"aadA1",1,"Kp_S100_2",14.1571352863536,NA
463,"dfrA15",5434,"20231211_mrsa_alt1_1",45044.3140768821,NA
463,"qnrB7",596,"20231211_mrsa_alt1_1",3932.28470087176,NA
463,"dfrA243",355,"20231211_mrsa_alt1_1",3059.13029908572,NA
463,"ipaH921",160,"20231211_mrsa_alt1_1",892.457127114583,NA
463,"bfpA82",120,"20231211_mrsa_alt1_1",1344.94106231646,NA
463,"chuA24",16,"20231211_mrsa_alt1_1",120.880769045547,NA
463,"ipaH321",6,"20231211_mrsa_alt1_1",21.2616862461866,NA
463,"aph6I29",421,"20231211_mrsa_alt1_1",1564.71149082057,NA
463,"yjaA12",19,"20231211_mrsa_alt1_1",194.115628268021,NA
463,"dfrA369",150,"20231211_mrsa_alt1_1",8679.36043701556,NA
463,"sul15",85,"20231211_mrsa_alt1_1",406.852140513735,NA
463,"sul336",60,"20231211_mrsa_alt1_1",651.156032356883,NA
463,"invE132",93,"20231211_mrsa_alt1_1",1873.07522286973,NA
463,"dfrA58",139,"20231211_mrsa_alt1_1",570.011106605434,NA
463,"ant2Ia1",40,"20231211_mrsa_alt1_1",225.708178159779,NA
463,"eae6271",33,"20231211_mrsa_alt1_1",513.949347429163,NA
463,"tetA13",76,"20231211_mrsa_alt1_1",179.496739852089,NA
463,"aac6I6",4,"20231211_mrsa_alt1_1",24.2770971057034,NA
463,"aadA57",6,"20231211_mrsa_alt1_1",23.5136927375065,NA
463,"eltA73",12,"20231211_mrsa_alt1_1",100.946481015484,NA
463,"stx1301",26,"20231211_mrsa_alt1_1",383.16671651034,NA
463,"mcr28",80,"20231211_mrsa_alt1_1",3302.48592248652,NA
463,"gadph195",22,"20231211_mrsa_alt1_1",105.058327370762,NA
463,"tetB43",33,"20231211_mrsa_alt1_1",186.174284143104,NA
463,"stx23291",11,"20231211_mrsa_alt1_1",78.4426543581793,NA
463,"trpA354",11,"20231211_mrsa_alt1_1",134.062059371692,NA
463,"aac3VI23",11,"20231211_mrsa_alt1_1",43.3275644759138,NA
463,"sul22",11,"20231211_mrsa_alt1_1",234.331413109493,NA
463,"eae111",2,"20231211_mrsa_alt1_1",23.7304952007239,NA
463,"qnrS1",1,"20231211_mrsa_alt1_1",7.41224995740564,NA
463,"uidA616",11,"20231211_mrsa_alt1_1",51.0816207588305,NA
463,"dfrA1",2,"20231211_mrsa_alt1_1",171.576934043566,NA
463,"stx11581",3,"20231211_mrsa_alt1_1",41.8241822416477,NA
463,"stx2181",4,"20231211_mrsa_alt1_1",28.4620161784287,NA
463,"mphA18",1,"20231211_mrsa_alt1_1",17.0702477702863,NA
463,"aadA1",1,"20231211_mrsa_alt1_1",14.1571352863536,NA
463,"aac3II63",1,"20231211_mrsa_alt1_1",3.768131939875,NA
464,"dfrA15",9040,"20231211_mrsa_alt1_2",45044.3140768821,NA
464,"dfrA58",236,"20231211_mrsa_alt1_2",570.011106605434,NA
464,"dfrA243",652,"20231211_mrsa_alt1_2",3059.13029908572,NA
464,"qnrB7",958,"20231211_mrsa_alt1_2",3932.28470087176,NA
464,"mcr28",145,"20231211_mrsa_alt1_2",3302.48592248652,NA
464,"aph6I29",808,"20231211_mrsa_alt1_2",1564.71149082057,NA
464,"bfpA82",192,"20231211_mrsa_alt1_2",1344.94106231646,NA
464,"ant2Ia1",76,"20231211_mrsa_alt1_2",225.708178159779,NA
464,"ipaH921",265,"20231211_mrsa_alt1_2",892.457127114583,NA
464,"stx1301",54,"20231211_mrsa_alt1_2",383.16671651034,NA
464,"eae6271",51,"20231211_mrsa_alt1_2",513.949347429163,NA
464,"tetB43",28,"20231211_mrsa_alt1_2",186.174284143104,NA
464,"sul15",161,"20231211_mrsa_alt1_2",406.852140513735,NA
464,"invE132",131,"20231211_mrsa_alt1_2",1873.07522286973,NA
464,"dfrA369",216,"20231211_mrsa_alt1_2",8679.36043701556,NA
464,"tetA13",121,"20231211_mrsa_alt1_2",179.496739852089,NA
464,"uidA616",15,"20231211_mrsa_alt1_2",51.0816207588305,NA
464,"gadph195",21,"20231211_mrsa_alt1_2",105.058327370762,NA
464,"aaiC47",2,"20231211_mrsa_alt1_2",13.6202465566286,NA
464,"sul336",98,"20231211_mrsa_alt1_2",651.156032356883,NA
464,"yjaA12",34,"20231211_mrsa_alt1_2",194.115628268021,NA
464,"chuA24",32,"20231211_mrsa_alt1_2",120.880769045547,NA
464,"aac3VI23",31,"20231211_mrsa_alt1_2",43.3275644759138,NA
464,"astA13",5,"20231211_mrsa_alt1_2",10.8982949359371,NA
464,"eltA4510",1,"20231211_mrsa_alt1_2",6.28783638827619,NA
464,"ipaH321",9,"20231211_mrsa_alt1_2",21.2616862461866,NA
464,"eltA73",16,"20231211_mrsa_alt1_2",100.946481015484,NA
464,"stx23291",13,"20231211_mrsa_alt1_2",78.4426543581793,NA
464,"aac6I6",4,"20231211_mrsa_alt1_2",24.2770971057034,NA
464,"sul22",20,"20231211_mrsa_alt1_2",234.331413109493,NA
464,"trpA354",21,"20231211_mrsa_alt1_2",134.062059371692,NA
464,"dfrA1",4,"20231211_mrsa_alt1_2",171.576934043566,NA
464,"mphA18",7,"20231211_mrsa_alt1_2",17.0702477702863,NA
464,"Tsp19",4,"20231211_mrsa_alt1_2",21.8678047948649,NA
464,"mcr64",2,"20231211_mrsa_alt1_2",89.7884189932358,NA
464,"aac3II63",2,"20231211_mrsa_alt1_2",3.768131939875,NA
464,"aadA21",1,"20231211_mrsa_alt1_2",9.14218305826812,NA
464,"qnrS1",2,"20231211_mrsa_alt1_2",7.41224995740564,NA
464,"eae111",2,"20231211_mrsa_alt1_2",23.7304952007239,NA
464,"aadA57",7,"20231211_mrsa_alt1_2",23.5136927375065,NA
464,"stx2181",4,"20231211_mrsa_alt1_2",28.4620161784287,NA
464,"aac6I123",2,"20231211_mrsa_alt1_2",11.3437589734004,NA
464,"aggR11",3,"20231211_mrsa_alt1_2",41.2496354721484,NA
464,"tetM34",1,"20231211_mrsa_alt1_2",19.905700783891,NA
464,"stx11581",1,"20231211_mrsa_alt1_2",41.8241822416477,NA
464,"aatA12314",1,"20231211_mrsa_alt1_2",3.3721961330149,NA
464,"eltB12",1,"20231211_mrsa_alt1_2",4.11448275856325,NA
464,"aadA1",1,"20231211_mrsa_alt1_2",14.1571352863536,NA
465,"dfrA15",6971,"zNegative_2",45044.3140768821,NA
465,"dfrA243",534,"zNegative_2",3059.13029908572,NA
465,"dfrA369",627,"zNegative_2",8679.36043701556,NA
465,"eae6271",47,"zNegative_2",513.949347429163,NA
465,"tetA13",109,"zNegative_2",179.496739852089,NA
465,"qnrB7",999,"zNegative_2",3932.28470087176,NA
465,"invE132",162,"zNegative_2",1873.07522286973,NA
465,"mcr28",255,"zNegative_2",3302.48592248652,NA
465,"ipaH921",188,"zNegative_2",892.457127114583,NA
465,"aph6I29",521,"zNegative_2",1564.71149082057,NA
465,"tetB43",20,"zNegative_2",186.174284143104,NA
465,"stx1301",34,"zNegative_2",383.16671651034,NA
465,"yjaA12",19,"zNegative_2",194.115628268021,NA
465,"bfpA82",189,"zNegative_2",1344.94106231646,NA
465,"mcr64",6,"zNegative_2",89.7884189932358,NA
465,"dfrA58",174,"zNegative_2",570.011106605434,NA
465,"aac3VI23",23,"zNegative_2",43.3275644759138,NA
465,"ant2Ia1",65,"zNegative_2",225.708178159779,NA
465,"eltA73",16,"zNegative_2",100.946481015484,NA
465,"dfrA1",11,"zNegative_2",171.576934043566,NA
465,"sul336",91,"zNegative_2",651.156032356883,NA
465,"trpA354",18,"zNegative_2",134.062059371692,NA
465,"sul15",99,"zNegative_2",406.852140513735,NA
465,"aadA57",2,"zNegative_2",23.5136927375065,NA
465,"stx23291",13,"zNegative_2",78.4426543581793,NA
465,"gadph195",9,"zNegative_2",105.058327370762,NA
465,"chuA24",17,"zNegative_2",120.880769045547,NA
465,"uidA616",22,"zNegative_2",51.0816207588305,NA
465,"stx11581",6,"zNegative_2",41.8241822416477,NA
465,"Tsp19",5,"zNegative_2",21.8678047948649,NA
465,"stx2181",4,"zNegative_2",28.4620161784287,NA
465,"tetM34",2,"zNegative_2",19.905700783891,NA
465,"aac6I123",1,"zNegative_2",11.3437589734004,NA
465,"aadA1",1,"zNegative_2",14.1571352863536,NA
465,"qnrB35",1,"zNegative_2",1,NA
465,"sul22",16,"zNegative_2",234.331413109493,NA
465,"mphA18",2,"zNegative_2",17.0702477702863,NA
465,"aac6I6",4,"zNegative_2",24.2770971057034,NA
465,"aafA83",1,"zNegative_2",1,NA
465,"eltB12",1,"zNegative_2",4.11448275856325,NA
465,"ipaH321",5,"zNegative_2",21.2616862461866,NA
465,"estIa94",1,"zNegative_2",7.15894419987053,NA
465,"aac3II63",2,"zNegative_2",3.768131939875,NA
465,"eae111",1,"zNegative_2",23.7304952007239,NA
465,"aggR11",1,"zNegative_2",41.2496354721484,NA
465,"aadA21",1,"zNegative_2",9.14218305826812,NA
465,"aaiC17",1,"zNegative_2",20.0162425863696,NA
466,"dfrA15",5734,"20240108_mrsa_alt3_1",45044.3140768821,NA
466,"ant2Ia1",48,"20240108_mrsa_alt3_1",225.708178159779,NA
466,"eae6271",31,"20240108_mrsa_alt3_1",513.949347429163,NA
466,"qnrB7",595,"20240108_mrsa_alt3_1",3932.28470087176,NA
466,"bfpA82",146,"20240108_mrsa_alt3_1",1344.94106231646,NA
466,"dfrA243",401,"20240108_mrsa_alt3_1",3059.13029908572,NA
466,"aph6I29",417,"20240108_mrsa_alt3_1",1564.71149082057,NA
466,"eltA73",18,"20240108_mrsa_alt3_1",100.946481015484,NA
466,"invE132",88,"20240108_mrsa_alt3_1",1873.07522286973,NA
466,"tetB43",21,"20240108_mrsa_alt3_1",186.174284143104,NA
466,"dfrA369",173,"20240108_mrsa_alt3_1",8679.36043701556,NA
466,"dfrA58",147,"20240108_mrsa_alt3_1",570.011106605434,NA
466,"mcr28",129,"20240108_mrsa_alt3_1",3302.48592248652,NA
466,"sul22",19,"20240108_mrsa_alt3_1",234.331413109493,NA
466,"stx1301",33,"20240108_mrsa_alt3_1",383.16671651034,NA
466,"ipaH921",161,"20240108_mrsa_alt3_1",892.457127114583,NA
466,"tetA13",92,"20240108_mrsa_alt3_1",179.496739852089,NA
466,"sul336",58,"20240108_mrsa_alt3_1",651.156032356883,NA
466,"aadA57",6,"20240108_mrsa_alt3_1",23.5136927375065,NA
466,"sul15",68,"20240108_mrsa_alt3_1",406.852140513735,NA
466,"uidA616",11,"20240108_mrsa_alt3_1",51.0816207588305,NA
466,"chuA24",17,"20240108_mrsa_alt3_1",120.880769045547,NA
466,"astA13",2,"20240108_mrsa_alt3_1",10.8982949359371,NA
466,"stx23291",6,"20240108_mrsa_alt3_1",78.4426543581793,NA
466,"aadA1",2,"20240108_mrsa_alt3_1",14.1571352863536,NA
466,"aac6I6",4,"20240108_mrsa_alt3_1",24.2770971057034,NA
466,"mcr64",7,"20240108_mrsa_alt3_1",89.7884189932358,NA
466,"trpA354",14,"20240108_mrsa_alt3_1",134.062059371692,NA
466,"aac3VI23",12,"20240108_mrsa_alt3_1",43.3275644759138,NA
466,"gadph195",14,"20240108_mrsa_alt3_1",105.058327370762,NA
466,"yjaA12",17,"20240108_mrsa_alt3_1",194.115628268021,NA
466,"aaiC17",2,"20240108_mrsa_alt3_1",20.0162425863696,NA
466,"dfrA1",6,"20240108_mrsa_alt3_1",171.576934043566,NA
466,"aadA21",1,"20240108_mrsa_alt3_1",9.14218305826812,NA
466,"aac3II63",1,"20240108_mrsa_alt3_1",3.768131939875,NA
466,"ipaH321",5,"20240108_mrsa_alt3_1",21.2616862461866,NA
466,"Tsp19",4,"20240108_mrsa_alt3_1",21.8678047948649,NA
466,"mphA18",4,"20240108_mrsa_alt3_1",17.0702477702863,NA
466,"bfpF56",1,"20240108_mrsa_alt3_1",2.97627866533694,NA
466,"estIa94",1,"20240108_mrsa_alt3_1",7.15894419987053,NA
466,"stx2181",1,"20240108_mrsa_alt3_1",28.4620161784287,NA
467,"dfrA15",6765,"20240108_mrsa_alt3_2",45044.3140768821,NA
467,"aph6I29",534,"20240108_mrsa_alt3_2",1564.71149082057,NA
467,"dfrA243",420,"20240108_mrsa_alt3_2",3059.13029908572,NA
467,"qnrB7",650,"20240108_mrsa_alt3_2",3932.28470087176,NA
467,"sul15",110,"20240108_mrsa_alt3_2",406.852140513735,NA
467,"dfrA369",214,"20240108_mrsa_alt3_2",8679.36043701556,NA
467,"aadA57",6,"20240108_mrsa_alt3_2",23.5136927375065,NA
467,"aac3VI23",24,"20240108_mrsa_alt3_2",43.3275644759138,NA
467,"ant2Ia1",58,"20240108_mrsa_alt3_2",225.708178159779,NA
467,"tetA13",95,"20240108_mrsa_alt3_2",179.496739852089,NA
467,"stx1301",37,"20240108_mrsa_alt3_2",383.16671651034,NA
467,"bfpA82",191,"20240108_mrsa_alt3_2",1344.94106231646,NA
467,"chuA24",37,"20240108_mrsa_alt3_2",120.880769045547,NA
467,"tetB43",24,"20240108_mrsa_alt3_2",186.174284143104,NA
467,"ipaH921",216,"20240108_mrsa_alt3_2",892.457127114583,NA
467,"dfrA58",162,"20240108_mrsa_alt3_2",570.011106605434,NA
467,"gadph195",20,"20240108_mrsa_alt3_2",105.058327370762,NA
467,"sul336",83,"20240108_mrsa_alt3_2",651.156032356883,NA
467,"mcr28",127,"20240108_mrsa_alt3_2",3302.48592248652,NA
467,"invE132",97,"20240108_mrsa_alt3_2",1873.07522286973,NA
467,"eae6271",36,"20240108_mrsa_alt3_2",513.949347429163,NA
467,"eltA73",11,"20240108_mrsa_alt3_2",100.946481015484,NA
467,"uidA616",12,"20240108_mrsa_alt3_2",51.0816207588305,NA
467,"trpA354",20,"20240108_mrsa_alt3_2",134.062059371692,NA
467,"stx23291",10,"20240108_mrsa_alt3_2",78.4426543581793,NA
467,"ipaH321",7,"20240108_mrsa_alt3_2",21.2616862461866,NA
467,"sul22",16,"20240108_mrsa_alt3_2",234.331413109493,NA
467,"yjaA12",25,"20240108_mrsa_alt3_2",194.115628268021,NA
467,"aaiC17",1,"20240108_mrsa_alt3_2",20.0162425863696,NA
467,"mcr64",6,"20240108_mrsa_alt3_2",89.7884189932358,NA
467,"stx2181",3,"20240108_mrsa_alt3_2",28.4620161784287,NA
467,"estIa94",1,"20240108_mrsa_alt3_2",7.15894419987053,NA
467,"aac6I6",4,"20240108_mrsa_alt3_2",24.2770971057034,NA
467,"astA13",3,"20240108_mrsa_alt3_2",10.8982949359371,NA
467,"tetM34",1,"20240108_mrsa_alt3_2",19.905700783891,NA
467,"mphA18",6,"20240108_mrsa_alt3_2",17.0702477702863,NA
467,"aggR11",2,"20240108_mrsa_alt3_2",41.2496354721484,NA
467,"dfrA1",3,"20240108_mrsa_alt3_2",171.576934043566,NA
467,"aac3II63",2,"20240108_mrsa_alt3_2",3.768131939875,NA
467,"Tsp19",2,"20240108_mrsa_alt3_2",21.8678047948649,NA
467,"qnrS1",1,"20240108_mrsa_alt3_2",7.41224995740564,NA
467,"eltB12",1,"20240108_mrsa_alt3_2",4.11448275856325,NA
467,"aap223",1,"20240108_mrsa_alt3_2",2.87320121980796,NA
468,"dfrA15",5370,"P_lurida_1",45044.3140768821,NA
468,"dfrA243",384,"P_lurida_1",3059.13029908572,NA
468,"sul336",67,"P_lurida_1",651.156032356883,NA
468,"qnrB7",440,"P_lurida_1",3932.28470087176,NA
468,"mcr28",89,"P_lurida_1",3302.48592248652,NA
468,"dfrA58",131,"P_lurida_1",570.011106605434,NA
468,"dfrA369",115,"P_lurida_1",8679.36043701556,NA
468,"aph6I29",437,"P_lurida_1",1564.71149082057,NA
468,"invE132",87,"P_lurida_1",1873.07522286973,NA
468,"ipaH921",136,"P_lurida_1",892.457127114583,NA
468,"stx1301",38,"P_lurida_1",383.16671651034,NA
468,"tetA13",77,"P_lurida_1",179.496739852089,NA
468,"sul15",73,"P_lurida_1",406.852140513735,NA
468,"uidA616",12,"P_lurida_1",51.0816207588305,NA
468,"yjaA12",11,"P_lurida_1",194.115628268021,NA
468,"mphA18",5,"P_lurida_1",17.0702477702863,NA
468,"bfpA82",111,"P_lurida_1",1344.94106231646,NA
468,"ipaH321",6,"P_lurida_1",21.2616862461866,NA
468,"aac3VI23",14,"P_lurida_1",43.3275644759138,NA
468,"trpA354",15,"P_lurida_1",134.062059371692,NA
468,"sul22",17,"P_lurida_1",234.331413109493,NA
468,"tetB43",23,"P_lurida_1",186.174284143104,NA
468,"ant2Ia1",51,"P_lurida_1",225.708178159779,NA
468,"chuA24",21,"P_lurida_1",120.880769045547,NA
468,"eae6271",21,"P_lurida_1",513.949347429163,NA
468,"aadA1",2,"P_lurida_1",14.1571352863536,NA
468,"gadph195",16,"P_lurida_1",105.058327370762,NA
468,"stx23291",9,"P_lurida_1",78.4426543581793,NA
468,"aac6I6",3,"P_lurida_1",24.2770971057034,NA
468,"Tsp19",6,"P_lurida_1",21.8678047948649,NA
468,"aadA57",6,"P_lurida_1",23.5136927375065,NA
468,"mcr64",6,"P_lurida_1",89.7884189932358,NA
468,"astA13",4,"P_lurida_1",10.8982949359371,NA
468,"eltA73",8,"P_lurida_1",100.946481015484,NA
468,"stx2181",1,"P_lurida_1",28.4620161784287,NA
468,"aac6I123",1,"P_lurida_1",11.3437589734004,NA
468,"eae111",2,"P_lurida_1",23.7304952007239,NA
468,"qnrS1",2,"P_lurida_1",7.41224995740564,NA
468,"dfrA1",1,"P_lurida_1",171.576934043566,NA
469,"dfrA15",4717,"P_lurida_2",45044.3140768821,NA
469,"yjaA12",27,"P_lurida_2",194.115628268021,NA
469,"bfpA82",110,"P_lurida_2",1344.94106231646,NA
469,"aph6I29",395,"P_lurida_2",1564.71149082057,NA
469,"stx1301",30,"P_lurida_2",383.16671651034,NA
469,"eae6271",27,"P_lurida_2",513.949347429163,NA
469,"dfrA243",304,"P_lurida_2",3059.13029908572,NA
469,"ant2Ia1",40,"P_lurida_2",225.708178159779,NA
469,"ipaH921",143,"P_lurida_2",892.457127114583,NA
469,"invE132",88,"P_lurida_2",1873.07522286973,NA
469,"mcr28",91,"P_lurida_2",3302.48592248652,NA
469,"dfrA369",123,"P_lurida_2",8679.36043701556,NA
469,"tetB43",19,"P_lurida_2",186.174284143104,NA
469,"qnrB7",406,"P_lurida_2",3932.28470087176,NA
469,"sul336",68,"P_lurida_2",651.156032356883,NA
469,"mcr64",7,"P_lurida_2",89.7884189932358,NA
469,"dfrA58",100,"P_lurida_2",570.011106605434,NA
469,"chuA24",21,"P_lurida_2",120.880769045547,NA
469,"aac3VI23",18,"P_lurida_2",43.3275644759138,NA
469,"sul15",73,"P_lurida_2",406.852140513735,NA
469,"eltA73",9,"P_lurida_2",100.946481015484,NA
469,"tetA13",72,"P_lurida_2",179.496739852089,NA
469,"ipaH321",2,"P_lurida_2",21.2616862461866,NA
469,"aadA57",9,"P_lurida_2",23.5136927375065,NA
469,"stx23291",5,"P_lurida_2",78.4426543581793,NA
469,"gadph195",18,"P_lurida_2",105.058327370762,NA
469,"trpA354",18,"P_lurida_2",134.062059371692,NA
469,"sul22",20,"P_lurida_2",234.331413109493,NA
469,"aap223",1,"P_lurida_2",2.87320121980796,NA
469,"qnrS1",1,"P_lurida_2",7.41224995740564,NA
469,"astA13",3,"P_lurida_2",10.8982949359371,NA
469,"aadA1",4,"P_lurida_2",14.1571352863536,NA
469,"mphA18",2,"P_lurida_2",17.0702477702863,NA
469,"aadA21",1,"P_lurida_2",9.14218305826812,NA
469,"aggR11",1,"P_lurida_2",41.2496354721484,NA
469,"uidA616",4,"P_lurida_2",51.0816207588305,NA
469,"dfrA1",3,"P_lurida_2",171.576934043566,NA
469,"eae111",1,"P_lurida_2",23.7304952007239,NA
469,"aac6I6",1,"P_lurida_2",24.2770971057034,NA
469,"tetM34",1,"P_lurida_2",19.905700783891,NA
469,"stx11581",2,"P_lurida_2",41.8241822416477,NA
469,"stx2181",1,"P_lurida_2",28.4620161784287,NA
470,"aadA57",9,"Kp_R884_1",23.5136927375065,NA
470,"aac6I6",336,"Kp_R884_1",24.2770971057034,311.722902894297
470,"dfrA15",7682,"Kp_R884_1",45044.3140768821,NA
470,"dfrA243",956,"Kp_R884_1",3059.13029908572,NA
470,"qnrB7",800,"Kp_R884_1",3932.28470087176,NA
470,"aph6I29",1569,"Kp_R884_1",1564.71149082057,4.28850917942759
470,"ipaH921",243,"Kp_R884_1",892.457127114583,NA
470,"aac6I123",502,"Kp_R884_1",11.3437589734004,490.6562410266
470,"aac3II63",677,"Kp_R884_1",3.768131939875,673.231868060125
470,"mcr28",147,"Kp_R884_1",3302.48592248652,NA
470,"dfrA369",209,"Kp_R884_1",8679.36043701556,NA
470,"sul15",128,"Kp_R884_1",406.852140513735,NA
470,"intI125",512,"Kp_R884_1",1,511
470,"dfrA58",200,"Kp_R884_1",570.011106605434,NA
470,"tetA13",1324,"Kp_R884_1",179.496739852089,1144.50326014791
470,"gadph195",290,"Kp_R884_1",105.058327370762,184.941672629238
470,"sul22",218,"Kp_R884_1",234.331413109493,NA
470,"bfpA82",193,"Kp_R884_1",1344.94106231646,NA
470,"invE132",152,"Kp_R884_1",1873.07522286973,NA
470,"stx1301",43,"Kp_R884_1",383.16671651034,NA
470,"eae6271",31,"Kp_R884_1",513.949347429163,NA
470,"sul336",95,"Kp_R884_1",651.156032356883,NA
470,"stx2181",6,"Kp_R884_1",28.4620161784287,NA
470,"stx23291",17,"Kp_R884_1",78.4426543581793,NA
470,"aac3VI23",34,"Kp_R884_1",43.3275644759138,NA
470,"yjaA12",26,"Kp_R884_1",194.115628268021,NA
470,"uidA616",14,"Kp_R884_1",51.0816207588305,NA
470,"eltA73",17,"Kp_R884_1",100.946481015484,NA
470,"trpA354",25,"Kp_R884_1",134.062059371692,NA
470,"tetB43",22,"Kp_R884_1",186.174284143104,NA
470,"chuA24",19,"Kp_R884_1",120.880769045547,NA
470,"ant2Ia1",60,"Kp_R884_1",225.708178159779,NA
470,"mcr64",6,"Kp_R884_1",89.7884189932358,NA
470,"ipaH321",12,"Kp_R884_1",21.2616862461866,NA
470,"stx11581",3,"Kp_R884_1",41.8241822416477,NA
470,"tetM34",2,"Kp_R884_1",19.905700783891,NA
470,"Tsp19",4,"Kp_R884_1",21.8678047948649,NA
470,"eae111",1,"Kp_R884_1",23.7304952007239,NA
470,"aadA1",2,"Kp_R884_1",14.1571352863536,NA
470,"aggR11",2,"Kp_R884_1",41.2496354721484,NA
470,"astA13",2,"Kp_R884_1",10.8982949359371,NA
470,"mphA18",2,"Kp_R884_1",17.0702477702863,NA
470,"dfrA1",3,"Kp_R884_1",171.576934043566,NA
470,"qnrS1",1,"Kp_R884_1",7.41224995740564,NA
470,"aaiC17",1,"Kp_R884_1",20.0162425863696,NA
470,"bfpF56",1,"Kp_R884_1",2.97627866533694,NA
471,"aph6I29",880,"Kp_R884_2",1564.71149082057,NA
471,"dfrA15",4947,"Kp_R884_2",45044.3140768821,NA
471,"dfrA243",591,"Kp_R884_2",3059.13029908572,NA
471,"dfrA369",158,"Kp_R884_2",8679.36043701556,NA
471,"qnrB7",508,"Kp_R884_2",3932.28470087176,NA
471,"aac3II63",314,"Kp_R884_2",3.768131939875,310.231868060125
471,"gadph195",158,"Kp_R884_2",105.058327370762,52.9416726292383
471,"sul15",98,"Kp_R884_2",406.852140513735,NA
471,"aac3VI23",15,"Kp_R884_2",43.3275644759138,NA
471,"bfpA82",118,"Kp_R884_2",1344.94106231646,NA
471,"aac6I6",144,"Kp_R884_2",24.2770971057034,119.722902894297
471,"aadA57",6,"Kp_R884_2",23.5136927375065,NA
471,"aac6I123",279,"Kp_R884_2",11.3437589734004,267.6562410266
471,"tetB43",13,"Kp_R884_2",186.174284143104,NA
471,"mcr28",122,"Kp_R884_2",3302.48592248652,NA
471,"intI125",273,"Kp_R884_2",1,272
471,"tetA13",860,"Kp_R884_2",179.496739852089,680.503260147911
471,"sul22",154,"Kp_R884_2",234.331413109493,NA
471,"trpA354",8,"Kp_R884_2",134.062059371692,NA
471,"sul336",64,"Kp_R884_2",651.156032356883,NA
471,"bfpF56",1,"Kp_R884_2",2.97627866533694,NA
471,"dfrA58",129,"Kp_R884_2",570.011106605434,NA
471,"ipaH921",117,"Kp_R884_2",892.457127114583,NA
471,"ipaH321",7,"Kp_R884_2",21.2616862461866,NA
471,"invE132",85,"Kp_R884_2",1873.07522286973,NA
471,"chuA24",22,"Kp_R884_2",120.880769045547,NA
471,"ant2Ia1",54,"Kp_R884_2",225.708178159779,NA
471,"aggR11",1,"Kp_R884_2",41.2496354721484,NA
471,"eae6271",30,"Kp_R884_2",513.949347429163,NA
471,"yjaA12",18,"Kp_R884_2",194.115628268021,NA
471,"dfrA1",1,"Kp_R884_2",171.576934043566,NA
471,"stx1301",30,"Kp_R884_2",383.16671651034,NA
471,"aaiC17",3,"Kp_R884_2",20.0162425863696,NA
471,"tetM34",1,"Kp_R884_2",19.905700783891,NA
471,"mcr64",8,"Kp_R884_2",89.7884189932358,NA
471,"aap223",3,"Kp_R884_2",2.87320121980796,0.126798780192038
471,"uidA616",9,"Kp_R884_2",51.0816207588305,NA
471,"eltA73",2,"Kp_R884_2",100.946481015484,NA
471,"eltA4510",1,"Kp_R884_2",6.28783638827619,NA
471,"stx23291",6,"Kp_R884_2",78.4426543581793,NA
471,"Tsp19",2,"Kp_R884_2",21.8678047948649,NA
471,"stx11581",1,"Kp_R884_2",41.8241822416477,NA
472,"dfrA15",7636,"Ecoli70_1",45044.3140768821,NA
472,"aph6I29",602,"Ecoli70_1",1564.71149082057,NA
472,"qnrB7",859,"Ecoli70_1",3932.28470087176,NA
472,"invE132",161,"Ecoli70_1",1873.07522286973,NA
472,"dfrA243",596,"Ecoli70_1",3059.13029908572,NA
472,"yjaA12",22,"Ecoli70_1",194.115628268021,NA
472,"uidA616",480,"Ecoli70_1",51.0816207588305,428.91837924117
472,"uidA160",223,"Ecoli70_1",NA,223
472,"sul22",24,"Ecoli70_1",234.331413109493,NA
472,"chuA24",363,"Ecoli70_1",120.880769045547,242.119230954453
472,"aaiC17",133,"Ecoli70_1",20.0162425863696,112.98375741363
472,"Tsp19",2,"Ecoli70_1",21.8678047948649,NA
472,"sul15",181,"Ecoli70_1",406.852140513735,NA
472,"ipaH921",174,"Ecoli70_1",892.457127114583,NA
472,"dfrA58",178,"Ecoli70_1",570.011106605434,NA
472,"mcr28",226,"Ecoli70_1",3302.48592248652,NA
472,"stx1301",57,"Ecoli70_1",383.16671651034,NA
472,"bfpA82",200,"Ecoli70_1",1344.94106231646,NA
472,"stx11581",4,"Ecoli70_1",41.8241822416477,NA
472,"ant2Ia1",55,"Ecoli70_1",225.708178159779,NA
472,"aadA57",77,"Ecoli70_1",23.5136927375065,53.4863072624935
472,"sul336",108,"Ecoli70_1",651.156032356883,NA
472,"aac6I123",23,"Ecoli70_1",11.3437589734004,11.6562410265996
472,"dfrA369",368,"Ecoli70_1",8679.36043701556,NA
472,"trpA354",181,"Ecoli70_1",134.062059371692,46.9379406283084
472,"mphA18",88,"Ecoli70_1",17.0702477702863,70.9297522297137
472,"tetA13",93,"Ecoli70_1",179.496739852089,NA
472,"qnrS1",53,"Ecoli70_1",7.41224995740564,45.5877500425944
472,"stx23291",8,"Ecoli70_1",78.4426543581793,NA
472,"gadph195",17,"Ecoli70_1",105.058327370762,NA
472,"eae6271",56,"Ecoli70_1",513.949347429163,NA
472,"arpA19",89,"Ecoli70_1",7.89715486823765,81.1028451317624
472,"dfrA1",7,"Ecoli70_1",171.576934043566,NA
472,"mcr64",5,"Ecoli70_1",89.7884189932358,NA
472,"eltA73",14,"Ecoli70_1",100.946481015484,NA
472,"ipaH321",5,"Ecoli70_1",21.2616862461866,NA
472,"aac3VI23",13,"Ecoli70_1",43.3275644759138,NA
472,"tetB43",20,"Ecoli70_1",186.174284143104,NA
472,"bfpF56",2,"Ecoli70_1",2.97627866533694,NA
472,"aaiC47",1,"Ecoli70_1",13.6202465566286,NA
472,"astA13",1,"Ecoli70_1",10.8982949359371,NA
472,"aadA1",1,"Ecoli70_1",14.1571352863536,NA
472,"aggR11",2,"Ecoli70_1",41.2496354721484,NA
472,"stx2181",1,"Ecoli70_1",28.4620161784287,NA
472,"tetM34",1,"Ecoli70_1",19.905700783891,NA
472,"aac6I6",1,"Ecoli70_1",24.2770971057034,NA
473,"dfrA15",563,"zNegative_3",45044.3140768821,NA
473,"aac3VI23",6,"zNegative_3",43.3275644759138,NA
473,"dfrA243",49,"zNegative_3",3059.13029908572,NA
473,"mcr28",32,"zNegative_3",3302.48592248652,NA
473,"bfpA82",12,"zNegative_3",1344.94106231646,NA
473,"sul15",16,"zNegative_3",406.852140513735,NA
473,"aph6I29",37,"zNegative_3",1564.71149082057,NA
473,"dfrA369",71,"zNegative_3",8679.36043701556,NA
473,"ant2Ia1",6,"zNegative_3",225.708178159779,NA
473,"sul22",1,"zNegative_3",234.331413109493,NA
473,"qnrB7",69,"zNegative_3",3932.28470087176,NA
473,"tetA13",8,"zNegative_3",179.496739852089,NA
473,"gadph195",2,"zNegative_3",105.058327370762,NA
473,"invE132",18,"zNegative_3",1873.07522286973,NA
473,"ipaH921",10,"zNegative_3",892.457127114583,NA
473,"dfrA58",20,"zNegative_3",570.011106605434,NA
473,"eae6271",4,"zNegative_3",513.949347429163,NA
473,"trpA354",4,"zNegative_3",134.062059371692,NA
473,"yjaA12",6,"zNegative_3",194.115628268021,NA
473,"sul336",8,"zNegative_3",651.156032356883,NA
473,"aadA57",2,"zNegative_3",23.5136927375065,NA
473,"tetB43",2,"zNegative_3",186.174284143104,NA
473,"dfrA1",2,"zNegative_3",171.576934043566,NA
473,"chuA24",3,"zNegative_3",120.880769045547,NA
473,"stx1301",2,"zNegative_3",383.16671651034,NA
473,"aac6I6",1,"zNegative_3",24.2770971057034,NA
473,"aggR11",1,"zNegative_3",41.2496354721484,NA
474,"dfrA15",2649,"Ecoli70_2",45044.3140768821,NA
474,"gadph195",4,"Ecoli70_2",105.058327370762,NA
474,"qnrB7",273,"Ecoli70_2",3932.28470087176,NA
474,"invE132",69,"Ecoli70_2",1873.07522286973,NA
474,"dfrA369",144,"Ecoli70_2",8679.36043701556,NA
474,"dfrA243",175,"Ecoli70_2",3059.13029908572,NA
474,"ipaH921",55,"Ecoli70_2",892.457127114583,NA
474,"tetM34",1,"Ecoli70_2",19.905700783891,NA
474,"uidA616",127,"Ecoli70_2",51.0816207588305,75.9183792411695
474,"aaiC17",41,"Ecoli70_2",20.0162425863696,20.9837574136304
474,"aac3VI23",10,"Ecoli70_2",43.3275644759138,NA
474,"mphA18",16,"Ecoli70_2",17.0702477702863,NA
474,"aph6I29",165,"Ecoli70_2",1564.71149082057,NA
474,"mcr28",98,"Ecoli70_2",3302.48592248652,NA
474,"tetA13",34,"Ecoli70_2",179.496739852089,NA
474,"bfpA82",65,"Ecoli70_2",1344.94106231646,NA
474,"chuA24",123,"Ecoli70_2",120.880769045547,2.11923095445309
474,"dfrA58",53,"Ecoli70_2",570.011106605434,NA
474,"uidA160",63,"Ecoli70_2",NA,63
474,"qnrS1",15,"Ecoli70_2",7.41224995740564,7.58775004259436
474,"arpA19",44,"Ecoli70_2",7.89715486823765,36.1028451317624
474,"trpA354",54,"Ecoli70_2",134.062059371692,NA
474,"aadA57",21,"Ecoli70_2",23.5136927375065,NA
474,"aac6I123",17,"Ecoli70_2",11.3437589734004,5.65624102659958
474,"stx1301",21,"Ecoli70_2",383.16671651034,NA
474,"sul336",31,"Ecoli70_2",651.156032356883,NA
474,"eae6271",14,"Ecoli70_2",513.949347429163,NA
474,"sul15",54,"Ecoli70_2",406.852140513735,NA
474,"tetB43",15,"Ecoli70_2",186.174284143104,NA
474,"stx2181",3,"Ecoli70_2",28.4620161784287,NA
474,"sul22",14,"Ecoli70_2",234.331413109493,NA
474,"dfrA1",5,"Ecoli70_2",171.576934043566,NA
474,"ipaH321",3,"Ecoli70_2",21.2616862461866,NA
474,"ant2Ia1",23,"Ecoli70_2",225.708178159779,NA
474,"yjaA12",3,"Ecoli70_2",194.115628268021,NA
474,"eae111",1,"Ecoli70_2",23.7304952007239,NA
474,"eltA73",5,"Ecoli70_2",100.946481015484,NA
474,"stx23291",3,"Ecoli70_2",78.4426543581793,NA
474,"aadA21",1,"Ecoli70_2",9.14218305826812,NA
474,"mcr64",4,"Ecoli70_2",89.7884189932358,NA
474,"aac3II63",1,"Ecoli70_2",3.768131939875,NA
474,"Tsp19",2,"Ecoli70_2",21.8678047948649,NA
474,"aggR11",1,"Ecoli70_2",41.2496354721484,NA
475,"mcr28",168,"zNegative_4",3302.48592248652,NA
475,"dfrA15",3702,"zNegative_4",45044.3140768821,NA
475,"aph6I29",215,"zNegative_4",1564.71149082057,NA
475,"qnrB7",564,"zNegative_4",3932.28470087176,NA
475,"aadA57",7,"zNegative_4",23.5136927375065,NA
475,"invE132",93,"zNegative_4",1873.07522286973,NA
475,"tetB43",17,"zNegative_4",186.174284143104,NA
475,"dfrA1",9,"zNegative_4",171.576934043566,NA
475,"dfrA58",81,"zNegative_4",570.011106605434,NA
475,"dfrA243",299,"zNegative_4",3059.13029908572,NA
475,"dfrA369",415,"zNegative_4",8679.36043701556,NA
475,"eae6271",29,"zNegative_4",513.949347429163,NA
475,"sul336",54,"zNegative_4",651.156032356883,NA
475,"uidA616",3,"zNegative_4",51.0816207588305,NA
475,"tetA13",35,"zNegative_4",179.496739852089,NA
475,"sul15",44,"zNegative_4",406.852140513735,NA
475,"eltA73",7,"zNegative_4",100.946481015484,NA
475,"bfpA82",108,"zNegative_4",1344.94106231646,NA
475,"ant2Ia1",17,"zNegative_4",225.708178159779,NA
475,"trpA354",8,"zNegative_4",134.062059371692,NA
475,"ipaH921",80,"zNegative_4",892.457127114583,NA
475,"gadph195",13,"zNegative_4",105.058327370762,NA
475,"eae111",2,"zNegative_4",23.7304952007239,NA
475,"stx1301",20,"zNegative_4",383.16671651034,NA
475,"chuA24",15,"zNegative_4",120.880769045547,NA
475,"yjaA12",13,"zNegative_4",194.115628268021,NA
475,"aadA1",4,"zNegative_4",14.1571352863536,NA
475,"mphA18",2,"zNegative_4",17.0702477702863,NA
475,"stx23291",6,"zNegative_4",78.4426543581793,NA
475,"aadA21",1,"zNegative_4",9.14218305826812,NA
475,"sul22",12,"zNegative_4",234.331413109493,NA
475,"stx11581",3,"zNegative_4",41.8241822416477,NA
475,"aac6I6",3,"zNegative_4",24.2770971057034,NA
475,"tetM34",3,"zNegative_4",19.905700783891,NA
475,"bfpF56",2,"zNegative_4",2.97627866533694,NA
475,"arpA19",1,"zNegative_4",7.89715486823765,NA
475,"stx2181",1,"zNegative_4",28.4620161784287,NA
475,"aaiC17",1,"zNegative_4",20.0162425863696,NA
475,"Tsp19",1,"zNegative_4",21.8678047948649,NA
475,"aap223",1,"zNegative_4",2.87320121980796,NA
475,"mcr64",1,"zNegative_4",89.7884189932358,NA
475,"aaiC47",1,"zNegative_4",13.6202465566286,NA
475,"qnrB35",1,"zNegative_4",1,NA
475,"aac3II63",1,"zNegative_4",3.768131939875,NA
475,"aac3VI23",1,"zNegative_4",43.3275644759138,NA
475,"aac6I123",1,"zNegative_4",11.3437589734004,NA
476,"bfpA82",74,"zNegative_5",1344.94106231646,NA
476,"dfrA15",2646,"zNegative_5",45044.3140768821,NA
476,"dfrA58",54,"zNegative_5",570.011106605434,NA
476,"aph6I29",173,"zNegative_5",1564.71149082057,NA
476,"dfrA243",193,"zNegative_5",3059.13029908572,NA
476,"mcr28",123,"zNegative_5",3302.48592248652,NA
476,"qnrB7",355,"zNegative_5",3932.28470087176,NA
476,"dfrA369",269,"zNegative_5",8679.36043701556,NA
476,"invE132",59,"zNegative_5",1873.07522286973,NA
476,"eae6271",22,"zNegative_5",513.949347429163,NA
476,"tetA13",33,"zNegative_5",179.496739852089,NA
476,"yjaA12",13,"zNegative_5",194.115628268021,NA
476,"gadph195",5,"zNegative_5",105.058327370762,NA
476,"ipaH921",65,"zNegative_5",892.457127114583,NA
476,"sul15",15,"zNegative_5",406.852140513735,NA
476,"sul336",23,"zNegative_5",651.156032356883,NA
476,"sul22",7,"zNegative_5",234.331413109493,NA
476,"tetB43",16,"zNegative_5",186.174284143104,NA
476,"ant2Ia1",14,"zNegative_5",225.708178159779,NA
476,"eltA73",8,"zNegative_5",100.946481015484,NA
476,"stx1301",18,"zNegative_5",383.16671651034,NA
476,"aac3VI23",12,"zNegative_5",43.3275644759138,NA
476,"chuA24",12,"zNegative_5",120.880769045547,NA
476,"aadA57",2,"zNegative_5",23.5136927375065,NA
476,"mcr64",3,"zNegative_5",89.7884189932358,NA
476,"trpA354",11,"zNegative_5",134.062059371692,NA
476,"aac3II63",1,"zNegative_5",3.768131939875,NA
476,"dfrA1",5,"zNegative_5",171.576934043566,NA
476,"eae111",1,"zNegative_5",23.7304952007239,NA
476,"estIa94",1,"zNegative_5",7.15894419987053,NA
476,"stx2181",1,"zNegative_5",28.4620161784287,NA
476,"stx23291",5,"zNegative_5",78.4426543581793,NA
476,"aac6I6",1,"zNegative_5",24.2770971057034,NA
476,"uidA616",2,"zNegative_5",51.0816207588305,NA
476,"aaiC47",1,"zNegative_5",13.6202465566286,NA
476,"astA13",1,"zNegative_5",10.8982949359371,NA
476,"stx11581",1,"zNegative_5",41.8241822416477,NA
476,"mphA18",2,"zNegative_5",17.0702477702863,NA
477,"dfrA15",2653,"zNegative_6",45044.3140768821,NA
477,"tetA13",34,"zNegative_6",179.496739852089,NA
477,"ipaH921",74,"zNegative_6",892.457127114583,NA
477,"dfrA243",187,"zNegative_6",3059.13029908572,NA
477,"tetB43",13,"zNegative_6",186.174284143104,NA
477,"aph6I29",177,"zNegative_6",1564.71149082057,NA
477,"qnrB7",382,"zNegative_6",3932.28470087176,NA
477,"mcr28",128,"zNegative_6",3302.48592248652,NA
477,"invE132",70,"zNegative_6",1873.07522286973,NA
477,"dfrA369",272,"zNegative_6",8679.36043701556,NA
477,"sul336",43,"zNegative_6",651.156032356883,NA
477,"bfpA82",66,"zNegative_6",1344.94106231646,NA
477,"sul15",27,"zNegative_6",406.852140513735,NA
477,"eae6271",16,"zNegative_6",513.949347429163,NA
477,"dfrA58",54,"zNegative_6",570.011106605434,NA
477,"eltA73",7,"zNegative_6",100.946481015484,NA
477,"mcr64",3,"zNegative_6",89.7884189932358,NA
477,"ipaH321",3,"zNegative_6",21.2616862461866,NA
477,"aac3VI23",10,"zNegative_6",43.3275644759138,NA
477,"uidA616",5,"zNegative_6",51.0816207588305,NA
477,"stx1301",10,"zNegative_6",383.16671651034,NA
477,"trpA354",6,"zNegative_6",134.062059371692,NA
477,"sul22",12,"zNegative_6",234.331413109493,NA
477,"dfrA1",7,"zNegative_6",171.576934043566,NA
477,"stx23291",7,"zNegative_6",78.4426543581793,NA
477,"ant2Ia1",16,"zNegative_6",225.708178159779,NA
477,"gadph195",6,"zNegative_6",105.058327370762,NA
477,"chuA24",5,"zNegative_6",120.880769045547,NA
477,"stx11581",1,"zNegative_6",41.8241822416477,NA
477,"eltA4510",1,"zNegative_6",6.28783638827619,NA
477,"mphA18",2,"zNegative_6",17.0702477702863,NA
477,"aac6I6",2,"zNegative_6",24.2770971057034,NA
477,"yjaA12",5,"zNegative_6",194.115628268021,NA
477,"tetM34",1,"zNegative_6",19.905700783891,NA
477,"Tsp19",2,"zNegative_6",21.8678047948649,NA
477,"aadA1",2,"zNegative_6",14.1571352863536,NA
477,"aggR11",1,"zNegative_6",41.2496354721484,NA
477,"aadA57",3,"zNegative_6",23.5136927375065,NA
478,"ipaH921",61,"zNegative_7",892.457127114583,NA
478,"dfrA15",2462,"zNegative_7",45044.3140768821,NA
478,"qnrB7",364,"zNegative_7",3932.28470087176,NA
478,"sul15",31,"zNegative_7",406.852140513735,NA
478,"aph6I29",184,"zNegative_7",1564.71149082057,NA
478,"mcr28",106,"zNegative_7",3302.48592248652,NA
478,"tetA13",41,"zNegative_7",179.496739852089,NA
478,"dfrA369",248,"zNegative_7",8679.36043701556,NA
478,"aac3VI23",9,"zNegative_7",43.3275644759138,NA
478,"sul22",17,"zNegative_7",234.331413109493,NA
478,"yjaA12",9,"zNegative_7",194.115628268021,NA
478,"dfrA243",182,"zNegative_7",3059.13029908572,NA
478,"tetB43",9,"zNegative_7",186.174284143104,NA
478,"trpA354",8,"zNegative_7",134.062059371692,NA
478,"bfpA82",69,"zNegative_7",1344.94106231646,NA
478,"sul336",30,"zNegative_7",651.156032356883,NA
478,"eae6271",23,"zNegative_7",513.949347429163,NA
478,"dfrA58",71,"zNegative_7",570.011106605434,NA
478,"ant2Ia1",18,"zNegative_7",225.708178159779,NA
478,"invE132",51,"zNegative_7",1873.07522286973,NA
478,"eltA73",5,"zNegative_7",100.946481015484,NA
478,"stx1301",14,"zNegative_7",383.16671651034,NA
478,"mphA18",1,"zNegative_7",17.0702477702863,NA
478,"Tsp19",4,"zNegative_7",21.8678047948649,NA
478,"gadph195",6,"zNegative_7",105.058327370762,NA
478,"chuA24",10,"zNegative_7",120.880769045547,NA
478,"mcr64",5,"zNegative_7",89.7884189932358,NA
478,"uidA616",5,"zNegative_7",51.0816207588305,NA
478,"dfrA1",1,"zNegative_7",171.576934043566,NA
478,"stx11581",1,"zNegative_7",41.8241822416477,NA
478,"aadA57",2,"zNegative_7",23.5136927375065,NA
478,"stx23291",5,"zNegative_7",78.4426543581793,NA
478,"astA13",2,"zNegative_7",10.8982949359371,NA
478,"ipaH321",2,"zNegative_7",21.2616862461866,NA
479,"dfrA15",3134,"zNegative_8",45044.3140768821,NA
479,"qnrB7",492,"zNegative_8",3932.28470087176,NA
479,"ipaH921",66,"zNegative_8",892.457127114583,NA
479,"aph6I29",208,"zNegative_8",1564.71149082057,NA
479,"bfpA82",85,"zNegative_8",1344.94106231646,NA
479,"invE132",91,"zNegative_8",1873.07522286973,NA
479,"sul336",50,"zNegative_8",651.156032356883,NA
479,"dfrA369",332,"zNegative_8",8679.36043701556,NA
479,"dfrA243",213,"zNegative_8",3059.13029908572,NA
479,"eae6271",26,"zNegative_8",513.949347429163,NA
479,"mcr28",162,"zNegative_8",3302.48592248652,NA
479,"tetA13",35,"zNegative_8",179.496739852089,NA
479,"trpA354",8,"zNegative_8",134.062059371692,NA
479,"sul15",39,"zNegative_8",406.852140513735,NA
479,"dfrA58",69,"zNegative_8",570.011106605434,NA
479,"yjaA12",5,"zNegative_8",194.115628268021,NA
479,"aac3VI23",9,"zNegative_8",43.3275644759138,NA
479,"stx1301",24,"zNegative_8",383.16671651034,NA
479,"ant2Ia1",20,"zNegative_8",225.708178159779,NA
479,"stx23291",9,"zNegative_8",78.4426543581793,NA
479,"gadph195",8,"zNegative_8",105.058327370762,NA
479,"stx11581",4,"zNegative_8",41.8241822416477,NA
479,"uidA616",10,"zNegative_8",51.0816207588305,NA
479,"Tsp19",4,"zNegative_8",21.8678047948649,NA
479,"eltA73",5,"zNegative_8",100.946481015484,NA
479,"tetB43",12,"zNegative_8",186.174284143104,NA
479,"sul22",12,"zNegative_8",234.331413109493,NA
479,"bfpF56",1,"zNegative_8",2.97627866533694,NA
479,"chuA24",12,"zNegative_8",120.880769045547,NA
479,"aadA57",6,"zNegative_8",23.5136927375065,NA
479,"mcr64",2,"zNegative_8",89.7884189932358,NA
479,"dfrA1",4,"zNegative_8",171.576934043566,NA
479,"ipaH321",3,"zNegative_8",21.2616862461866,NA
479,"aggR11",2,"zNegative_8",41.2496354721484,NA
479,"aaiC17",2,"zNegative_8",20.0162425863696,NA
479,"arpA19",1,"zNegative_8",7.89715486823765,NA
479,"aadA1",1,"zNegative_8",14.1571352863536,NA
479,"stx2181",1,"zNegative_8",28.4620161784287,NA
479,"mphA18",1,"zNegative_8",17.0702477702863,NA
479,"astA13",1,"zNegative_8",10.8982949359371,NA
479,"aac6I6",1,"zNegative_8",24.2770971057034,NA
479,"eltA4510",1,"zNegative_8",6.28783638827619,NA
480,"dfrA15",2882,"zNegative_9",45044.3140768821,NA
480,"qnrB7",409,"zNegative_9",3932.28470087176,NA
480,"stx1301",25,"zNegative_9",383.16671651034,NA
480,"dfrA369",291,"zNegative_9",8679.36043701556,NA
480,"stx23291",4,"zNegative_9",78.4426543581793,NA
480,"aph6I29",197,"zNegative_9",1564.71149082057,NA
480,"invE132",72,"zNegative_9",1873.07522286973,NA
480,"mcr28",118,"zNegative_9",3302.48592248652,NA
480,"ant2Ia1",22,"zNegative_9",225.708178159779,NA
480,"bfpA82",76,"zNegative_9",1344.94106231646,NA
480,"estIa94",1,"zNegative_9",7.15894419987053,NA
480,"dfrA243",209,"zNegative_9",3059.13029908572,NA
480,"tetA13",27,"zNegative_9",179.496739852089,NA
480,"dfrA58",66,"zNegative_9",570.011106605434,NA
480,"sul336",39,"zNegative_9",651.156032356883,NA
480,"sul15",27,"zNegative_9",406.852140513735,NA
480,"ipaH921",70,"zNegative_9",892.457127114583,NA
480,"eae6271",19,"zNegative_9",513.949347429163,NA
480,"sul22",7,"zNegative_9",234.331413109493,NA
480,"tetB43",13,"zNegative_9",186.174284143104,NA
480,"chuA24",11,"zNegative_9",120.880769045547,NA
480,"eltA73",7,"zNegative_9",100.946481015484,NA
480,"yjaA12",12,"zNegative_9",194.115628268021,NA
480,"dfrA1",6,"zNegative_9",171.576934043566,NA
480,"stx2181",5,"zNegative_9",28.4620161784287,NA
480,"stx11581",2,"zNegative_9",41.8241822416477,NA
480,"gadph195",6,"zNegative_9",105.058327370762,NA
480,"tetM34",3,"zNegative_9",19.905700783891,NA
480,"trpA354",14,"zNegative_9",134.062059371692,NA
480,"aadA57",3,"zNegative_9",23.5136927375065,NA
480,"aadA1",2,"zNegative_9",14.1571352863536,NA
480,"uidA616",5,"zNegative_9",51.0816207588305,NA
480,"aac3VI23",4,"zNegative_9",43.3275644759138,NA
480,"astA13",1,"zNegative_9",10.8982949359371,NA
480,"ipaH321",2,"zNegative_9",21.2616862461866,NA
480,"aaiC17",1,"zNegative_9",20.0162425863696,NA
480,"eae111",1,"zNegative_9",23.7304952007239,NA
481,"qnrB7",512,"zNegative_10",3932.28470087176,NA
481,"dfrA15",3339,"zNegative_10",45044.3140768821,NA
481,"dfrA369",354,"zNegative_10",8679.36043701556,NA
481,"ant2Ia1",32,"zNegative_10",225.708178159779,NA
481,"aph6I29",217,"zNegative_10",1564.71149082057,NA
481,"dfrA243",279,"zNegative_10",3059.13029908572,NA
481,"bfpA82",116,"zNegative_10",1344.94106231646,NA
481,"sul15",54,"zNegative_10",406.852140513735,NA
481,"sul336",43,"zNegative_10",651.156032356883,NA
481,"eltA73",12,"zNegative_10",100.946481015484,NA
481,"eae6271",23,"zNegative_10",513.949347429163,NA
481,"invE132",91,"zNegative_10",1873.07522286973,NA
481,"mcr28",155,"zNegative_10",3302.48592248652,NA
481,"tetA13",40,"zNegative_10",179.496739852089,NA
481,"aggR11",28,"zNegative_10",41.2496354721484,NA
481,"ipaH921",83,"zNegative_10",892.457127114583,NA
481,"stx1301",20,"zNegative_10",383.16671651034,NA
481,"dfrA58",67,"zNegative_10",570.011106605434,NA
481,"aac3II63",1,"zNegative_10",3.768131939875,NA
481,"yjaA12",15,"zNegative_10",194.115628268021,NA
481,"mcr64",5,"zNegative_10",89.7884189932358,NA
481,"chuA24",7,"zNegative_10",120.880769045547,NA
481,"aac6I6",3,"zNegative_10",24.2770971057034,NA
481,"gadph195",7,"zNegative_10",105.058327370762,NA
481,"ipaH321",5,"zNegative_10",21.2616862461866,NA
481,"aac3VI23",6,"zNegative_10",43.3275644759138,NA
481,"stx23291",6,"zNegative_10",78.4426543581793,NA
481,"trpA354",9,"zNegative_10",134.062059371692,NA
481,"stx11581",3,"zNegative_10",41.8241822416477,NA
481,"sul22",10,"zNegative_10",234.331413109493,NA
481,"dfrA1",6,"zNegative_10",171.576934043566,NA
481,"aac6I123",1,"zNegative_10",11.3437589734004,NA
481,"uidA616",5,"zNegative_10",51.0816207588305,NA
481,"tetB43",12,"zNegative_10",186.174284143104,NA
481,"astA13",1,"zNegative_10",10.8982949359371,NA
481,"aadA57",4,"zNegative_10",23.5136927375065,NA
481,"Tsp19",3,"zNegative_10",21.8678047948649,NA
481,"aaiC17",1,"zNegative_10",20.0162425863696,NA
481,"aadA1",2,"zNegative_10",14.1571352863536,NA
481,"tetM34",1,"zNegative_10",19.905700783891,NA
481,"eae111",2,"zNegative_10",23.7304952007239,NA
482,"qnrB7",907,"zNegative_11",3932.28470087176,NA
482,"dfrA15",6046,"zNegative_11",45044.3140768821,NA
482,"aph6I29",405,"zNegative_11",1564.71149082057,NA
482,"ipaH921",150,"zNegative_11",892.457127114583,NA
482,"dfrA369",608,"zNegative_11",8679.36043701556,NA
482,"bfpA82",160,"zNegative_11",1344.94106231646,NA
482,"mcr28",253,"zNegative_11",3302.48592248652,NA
482,"tetB43",23,"zNegative_11",186.174284143104,NA
482,"dfrA58",138,"zNegative_11",570.011106605434,NA
482,"dfrA243",457,"zNegative_11",3059.13029908572,NA
482,"invE132",155,"zNegative_11",1873.07522286973,NA
482,"aadA57",9,"zNegative_11",23.5136927375065,NA
482,"ant2Ia1",61,"zNegative_11",225.708178159779,NA
482,"sul336",86,"zNegative_11",651.156032356883,NA
482,"stx11581",5,"zNegative_11",41.8241822416477,NA
482,"sul15",96,"zNegative_11",406.852140513735,NA
482,"stx1301",32,"zNegative_11",383.16671651034,NA
482,"eae6271",45,"zNegative_11",513.949347429163,NA
482,"yjaA12",26,"zNegative_11",194.115628268021,NA
482,"mcr64",6,"zNegative_11",89.7884189932358,NA
482,"tetA13",74,"zNegative_11",179.496739852089,NA
482,"gadph195",17,"zNegative_11",105.058327370762,NA
482,"mphA18",4,"zNegative_11",17.0702477702863,NA
482,"sul22",19,"zNegative_11",234.331413109493,NA
482,"aac3VI23",20,"zNegative_11",43.3275644759138,NA
482,"chuA24",17,"zNegative_11",120.880769045547,NA
482,"eltA73",7,"zNegative_11",100.946481015484,NA
482,"uidA616",10,"zNegative_11",51.0816207588305,NA
482,"dfrA1",12,"zNegative_11",171.576934043566,NA
482,"trpA354",17,"zNegative_11",134.062059371692,NA
482,"stx23291",12,"zNegative_11",78.4426543581793,NA
482,"aggR11",4,"zNegative_11",41.2496354721484,NA
482,"eae111",4,"zNegative_11",23.7304952007239,NA
482,"astA13",2,"zNegative_11",10.8982949359371,NA
482,"aap223",1,"zNegative_11",2.87320121980796,NA
482,"aac6I6",2,"zNegative_11",24.2770971057034,NA
482,"stx2181",1,"zNegative_11",28.4620161784287,NA
482,"aac6I123",1,"zNegative_11",11.3437589734004,NA
482,"aaiC17",2,"zNegative_11",20.0162425863696,NA
482,"Tsp19",5,"zNegative_11",21.8678047948649,NA
482,"bfpF56",1,"zNegative_11",2.97627866533694,NA
482,"ipaH321",4,"zNegative_11",21.2616862461866,NA
482,"estIa94",1,"zNegative_11",7.15894419987053,NA
482,"arpA19",1,"zNegative_11",7.89715486823765,NA
483,"qnrB7",886,"zNegative_12",3932.28470087176,NA
483,"dfrA15",6291,"zNegative_12",45044.3140768821,NA
483,"dfrA243",444,"zNegative_12",3059.13029908572,NA
483,"invE132",205,"zNegative_12",1873.07522286973,NA
483,"aph6I29",428,"zNegative_12",1564.71149082057,NA
483,"dfrA369",596,"zNegative_12",8679.36043701556,NA
483,"bfpA82",194,"zNegative_12",1344.94106231646,NA
483,"tetA13",58,"zNegative_12",179.496739852089,NA
483,"mcr28",276,"zNegative_12",3302.48592248652,NA
483,"sul336",83,"zNegative_12",651.156032356883,NA
483,"sul15",68,"zNegative_12",406.852140513735,NA
483,"eae6271",44,"zNegative_12",513.949347429163,NA
483,"ant2Ia1",45,"zNegative_12",225.708178159779,NA
483,"dfrA58",132,"zNegative_12",570.011106605434,NA
483,"trpA354",22,"zNegative_12",134.062059371692,NA
483,"stx1301",35,"zNegative_12",383.16671651034,NA
483,"tetB43",16,"zNegative_12",186.174284143104,NA
483,"ipaH921",155,"zNegative_12",892.457127114583,NA
483,"aac3VI23",9,"zNegative_12",43.3275644759138,NA
483,"dfrA1",16,"zNegative_12",171.576934043566,NA
483,"eltA73",10,"zNegative_12",100.946481015484,NA
483,"aadA57",12,"zNegative_12",23.5136927375065,NA
483,"aaiC47",1,"zNegative_12",13.6202465566286,NA
483,"sul22",23,"zNegative_12",234.331413109493,NA
483,"uidA616",11,"zNegative_12",51.0816207588305,NA
483,"stx2181",3,"zNegative_12",28.4620161784287,NA
483,"chuA24",20,"zNegative_12",120.880769045547,NA
483,"yjaA12",15,"zNegative_12",194.115628268021,NA
483,"aac6I6",4,"zNegative_12",24.2770971057034,NA
483,"gadph195",12,"zNegative_12",105.058327370762,NA
483,"ipaH321",5,"zNegative_12",21.2616862461866,NA
483,"aafA83",1,"zNegative_12",1,NA
483,"eltB12",1,"zNegative_12",4.11448275856325,NA
483,"stx11581",5,"zNegative_12",41.8241822416477,NA
483,"tetM34",1,"zNegative_12",19.905700783891,NA
483,"stx23291",7,"zNegative_12",78.4426543581793,NA
483,"mphA18",3,"zNegative_12",17.0702477702863,NA
483,"Tsp19",1,"zNegative_12",21.8678047948649,NA
483,"mcr64",4,"zNegative_12",89.7884189932358,NA
483,"aac6I123",1,"zNegative_12",11.3437589734004,NA
483,"aac3II63",1,"zNegative_12",3.768131939875,NA
483,"aadA21",1,"zNegative_12",9.14218305826812,NA
483,"astA13",1,"zNegative_12",10.8982949359371,NA
483,"eae111",1,"zNegative_12",23.7304952007239,NA
483,"aaiC17",2,"zNegative_12",20.0162425863696,NA
484,"dfrA369",678,"zNegative_13",8679.36043701556,NA
484,"dfrA243",489,"zNegative_13",3059.13029908572,NA
484,"aadA57",8,"zNegative_13",23.5136927375065,NA
484,"dfrA15",6629,"zNegative_13",45044.3140768821,NA
484,"bfpA82",210,"zNegative_13",1344.94106231646,NA
484,"tetA13",76,"zNegative_13",179.496739852089,NA
484,"qnrB7",989,"zNegative_13",3932.28470087176,NA
484,"dfrA58",167,"zNegative_13",570.011106605434,NA
484,"eae6271",35,"zNegative_13",513.949347429163,NA
484,"mcr28",271,"zNegative_13",3302.48592248652,NA
484,"invE132",163,"zNegative_13",1873.07522286973,NA
484,"sul15",96,"zNegative_13",406.852140513735,NA
484,"ipaH921",142,"zNegative_13",892.457127114583,NA
484,"aph6I29",510,"zNegative_13",1564.71149082057,NA
484,"mcr64",6,"zNegative_13",89.7884189932358,NA
484,"trpA354",21,"zNegative_13",134.062059371692,NA
484,"ant2Ia1",46,"zNegative_13",225.708178159779,NA
484,"stx1301",34,"zNegative_13",383.16671651034,NA
484,"dfrA1",11,"zNegative_13",171.576934043566,NA
484,"tetB43",19,"zNegative_13",186.174284143104,NA
484,"chuA24",23,"zNegative_13",120.880769045547,NA
484,"sul336",64,"zNegative_13",651.156032356883,NA
484,"eltA73",21,"zNegative_13",100.946481015484,NA
484,"yjaA12",19,"zNegative_13",194.115628268021,NA
484,"bfpF56",1,"zNegative_13",2.97627866533694,NA
484,"aac3VI23",15,"zNegative_13",43.3275644759138,NA
484,"Tsp19",4,"zNegative_13",21.8678047948649,NA
484,"gadph195",22,"zNegative_13",105.058327370762,NA
484,"stx23291",4,"zNegative_13",78.4426543581793,NA
484,"eae111",3,"zNegative_13",23.7304952007239,NA
484,"sul22",21,"zNegative_13",234.331413109493,NA
484,"uidA616",14,"zNegative_13",51.0816207588305,NA
484,"stx11581",2,"zNegative_13",41.8241822416477,NA
484,"stx2181",6,"zNegative_13",28.4620161784287,NA
484,"tetM34",2,"zNegative_13",19.905700783891,NA
484,"aac6I6",3,"zNegative_13",24.2770971057034,NA
484,"aac3II63",1,"zNegative_13",3.768131939875,NA
484,"mphA18",1,"zNegative_13",17.0702477702863,NA
484,"aaiC17",1,"zNegative_13",20.0162425863696,NA
484,"astA13",4,"zNegative_13",10.8982949359371,NA
484,"aggR11",1,"zNegative_13",41.2496354721484,NA
484,"ipaH321",2,"zNegative_13",21.2616862461866,NA
484,"aadA1",1,"zNegative_13",14.1571352863536,NA
484,"eltA4510",1,"zNegative_13",6.28783638827619,NA
485,"dfrA15",4749,"zNegative_14",45044.3140768821,NA
485,"trpA354",17,"zNegative_14",134.062059371692,NA
485,"qnrB7",621,"zNegative_14",3932.28470087176,NA
485,"tetA13",42,"zNegative_14",179.496739852089,NA
485,"sul336",58,"zNegative_14",651.156032356883,NA
485,"dfrA369",552,"zNegative_14",8679.36043701556,NA
485,"eae6271",36,"zNegative_14",513.949347429163,NA
485,"aph6I29",289,"zNegative_14",1564.71149082057,NA
485,"dfrA243",359,"zNegative_14",3059.13029908572,NA
485,"dfrA58",102,"zNegative_14",570.011106605434,NA
485,"mcr28",213,"zNegative_14",3302.48592248652,NA
485,"stx2181",2,"zNegative_14",28.4620161784287,NA
485,"gadph195",4,"zNegative_14",105.058327370762,NA
485,"sul15",76,"zNegative_14",406.852140513735,NA
485,"invE132",137,"zNegative_14",1873.07522286973,NA
485,"stx1301",33,"zNegative_14",383.16671651034,NA
485,"ant2Ia1",28,"zNegative_14",225.708178159779,NA
485,"ipaH921",105,"zNegative_14",892.457127114583,NA
485,"bfpA82",135,"zNegative_14",1344.94106231646,NA
485,"uidA616",11,"zNegative_14",51.0816207588305,NA
485,"sul22",20,"zNegative_14",234.331413109493,NA
485,"eltA73",11,"zNegative_14",100.946481015484,NA
485,"chuA24",17,"zNegative_14",120.880769045547,NA
485,"tetB43",18,"zNegative_14",186.174284143104,NA
485,"yjaA12",19,"zNegative_14",194.115628268021,NA
485,"aadA57",8,"zNegative_14",23.5136927375065,NA
485,"aac3VI23",13,"zNegative_14",43.3275644759138,NA
485,"aadA1",2,"zNegative_14",14.1571352863536,NA
485,"mcr64",5,"zNegative_14",89.7884189932358,NA
485,"dfrA1",6,"zNegative_14",171.576934043566,NA
485,"aaiC17",1,"zNegative_14",20.0162425863696,NA
485,"tetM34",4,"zNegative_14",19.905700783891,NA
485,"stx11581",3,"zNegative_14",41.8241822416477,NA
485,"eae111",6,"zNegative_14",23.7304952007239,NA
485,"aac6I6",2,"zNegative_14",24.2770971057034,NA
485,"astA13",2,"zNegative_14",10.8982949359371,NA
485,"ipaH321",4,"zNegative_14",21.2616862461866,NA
485,"stx23291",4,"zNegative_14",78.4426543581793,NA
485,"Tsp19",2,"zNegative_14",21.8678047948649,NA
485,"aggR11",1,"zNegative_14",41.2496354721484,NA
485,"mphA18",2,"zNegative_14",17.0702477702863,NA
485,"aac6I123",1,"zNegative_14",11.3437589734004,NA
485,"qnrS1",1,"zNegative_14",7.41224995740564,NA
486,"dfrA369",613,"zNegative_15",8679.36043701556,NA
486,"dfrA15",5011,"zNegative_15",45044.3140768821,NA
486,"aadA57",7,"zNegative_15",23.5136927375065,NA
486,"eae6271",39,"zNegative_15",513.949347429163,NA
486,"qnrB7",744,"zNegative_15",3932.28470087176,NA
486,"dfrA243",420,"zNegative_15",3059.13029908572,NA
486,"mcr28",237,"zNegative_15",3302.48592248652,NA
486,"aph6I29",314,"zNegative_15",1564.71149082057,NA
486,"invE132",171,"zNegative_15",1873.07522286973,NA
486,"stx1301",33,"zNegative_15",383.16671651034,NA
486,"ipaH921",128,"zNegative_15",892.457127114583,NA
486,"aaiC17",3,"zNegative_15",20.0162425863696,NA
486,"bfpA82",187,"zNegative_15",1344.94106231646,NA
486,"tetA13",62,"zNegative_15",179.496739852089,NA
486,"dfrA58",116,"zNegative_15",570.011106605434,NA
486,"sul22",24,"zNegative_15",234.331413109493,NA
486,"ant2Ia1",40,"zNegative_15",225.708178159779,NA
486,"tetB43",20,"zNegative_15",186.174284143104,NA
486,"yjaA12",13,"zNegative_15",194.115628268021,NA
486,"aac3VI23",14,"zNegative_15",43.3275644759138,NA
486,"sul336",79,"zNegative_15",651.156032356883,NA
486,"ipaH321",4,"zNegative_15",21.2616862461866,NA
486,"sul15",52,"zNegative_15",406.852140513735,NA
486,"gadph195",16,"zNegative_15",105.058327370762,NA
486,"mcr64",4,"zNegative_15",89.7884189932358,NA
486,"aac6I6",3,"zNegative_15",24.2770971057034,NA
486,"aap223",1,"zNegative_15",2.87320121980796,NA
486,"tetM34",1,"zNegative_15",19.905700783891,NA
486,"stx23291",8,"zNegative_15",78.4426543581793,NA
486,"eae111",2,"zNegative_15",23.7304952007239,NA
486,"chuA24",16,"zNegative_15",120.880769045547,NA
486,"eltA73",15,"zNegative_15",100.946481015484,NA
486,"uidA616",5,"zNegative_15",51.0816207588305,NA
486,"estIa94",1,"zNegative_15",7.15894419987053,NA
486,"trpA354",12,"zNegative_15",134.062059371692,NA
486,"aggR11",2,"zNegative_15",41.2496354721484,NA
486,"aac3II63",2,"zNegative_15",3.768131939875,NA
486,"aadA1",1,"zNegative_15",14.1571352863536,NA
486,"qnrS1",1,"zNegative_15",7.41224995740564,NA
486,"dfrA1",8,"zNegative_15",171.576934043566,NA
486,"stx2181",3,"zNegative_15",28.4620161784287,NA
486,"stx11581",4,"zNegative_15",41.8241822416477,NA
486,"mphA18",2,"zNegative_15",17.0702477702863,NA
486,"bfpF56",1,"zNegative_15",2.97627866533694,NA
487,"dfrA15",6576,"zNegative_16",45044.3140768821,NA
487,"invE132",177,"zNegative_16",1873.07522286973,NA
487,"aadA57",9,"zNegative_16",23.5136927375065,NA
487,"qnrB7",916,"zNegative_16",3932.28470087176,NA
487,"ant2Ia1",66,"zNegative_16",225.708178159779,NA
487,"mcr28",340,"zNegative_16",3302.48592248652,NA
487,"dfrA369",677,"zNegative_16",8679.36043701556,NA
487,"aaiC17",1,"zNegative_16",20.0162425863696,NA
487,"aph6I29",463,"zNegative_16",1564.71149082057,NA
487,"sul336",90,"zNegative_16",651.156032356883,NA
487,"dfrA243",531,"zNegative_16",3059.13029908572,NA
487,"eltA73",14,"zNegative_16",100.946481015484,NA
487,"dfrA58",150,"zNegative_16",570.011106605434,NA
487,"tetA13",79,"zNegative_16",179.496739852089,NA
487,"tetB43",33,"zNegative_16",186.174284143104,NA
487,"sul15",85,"zNegative_16",406.852140513735,NA
487,"ipaH921",179,"zNegative_16",892.457127114583,NA
487,"bfpA82",174,"zNegative_16",1344.94106231646,NA
487,"aac6I6",6,"zNegative_16",24.2770971057034,NA
487,"sul22",22,"zNegative_16",234.331413109493,NA
487,"eae6271",34,"zNegative_16",513.949347429163,NA
487,"yjaA12",18,"zNegative_16",194.115628268021,NA
487,"stx1301",41,"zNegative_16",383.16671651034,NA
487,"Tsp19",3,"zNegative_16",21.8678047948649,NA
487,"aac3VI23",19,"zNegative_16",43.3275644759138,NA
487,"stx11581",4,"zNegative_16",41.8241822416477,NA
487,"chuA24",29,"zNegative_16",120.880769045547,NA
487,"trpA354",17,"zNegative_16",134.062059371692,NA
487,"gadph195",15,"zNegative_16",105.058327370762,NA
487,"mcr64",6,"zNegative_16",89.7884189932358,NA
487,"uidA616",9,"zNegative_16",51.0816207588305,NA
487,"ipaH321",7,"zNegative_16",21.2616862461866,NA
487,"mphA18",4,"zNegative_16",17.0702477702863,NA
487,"dfrA1",9,"zNegative_16",171.576934043566,NA
487,"eae111",4,"zNegative_16",23.7304952007239,NA
487,"stx2181",2,"zNegative_16",28.4620161784287,NA
487,"astA13",3,"zNegative_16",10.8982949359371,NA
487,"aadA1",2,"zNegative_16",14.1571352863536,NA
487,"stx23291",2,"zNegative_16",78.4426543581793,NA
488,"qnrB7",838,"zNegative_17",3932.28470087176,NA
488,"dfrA369",586,"zNegative_17",8679.36043701556,NA
488,"aph6I29",414,"zNegative_17",1564.71149082057,NA
488,"dfrA15",6056,"zNegative_17",45044.3140768821,NA
488,"dfrA243",483,"zNegative_17",3059.13029908572,NA
488,"stx1301",35,"zNegative_17",383.16671651034,NA
488,"mcr28",260,"zNegative_17",3302.48592248652,NA
488,"eltA73",11,"zNegative_17",100.946481015484,NA
488,"ipaH921",126,"zNegative_17",892.457127114583,NA
488,"ant2Ia1",34,"zNegative_17",225.708178159779,NA
488,"yjaA12",20,"zNegative_17",194.115628268021,NA
488,"sul336",67,"zNegative_17",651.156032356883,NA
488,"sul15",86,"zNegative_17",406.852140513735,NA
488,"dfrA58",142,"zNegative_17",570.011106605434,NA
488,"gadph195",15,"zNegative_17",105.058327370762,NA
488,"tetB43",27,"zNegative_17",186.174284143104,NA
488,"invE132",153,"zNegative_17",1873.07522286973,NA
488,"bfpA82",164,"zNegative_17",1344.94106231646,NA
488,"sul22",24,"zNegative_17",234.331413109493,NA
488,"tetA13",73,"zNegative_17",179.496739852089,NA
488,"aadA57",6,"zNegative_17",23.5136927375065,NA
488,"chuA24",14,"zNegative_17",120.880769045547,NA
488,"eae6271",36,"zNegative_17",513.949347429163,NA
488,"trpA354",18,"zNegative_17",134.062059371692,NA
488,"mphA18",3,"zNegative_17",17.0702477702863,NA
488,"bfpF105",2,"zNegative_17",2.84048617445339,NA
488,"Tsp19",3,"zNegative_17",21.8678047948649,NA
488,"stx2181",1,"zNegative_17",28.4620161784287,NA
488,"stx11581",2,"zNegative_17",41.8241822416477,NA
488,"tetM34",1,"zNegative_17",19.905700783891,NA
488,"aac3VI23",21,"zNegative_17",43.3275644759138,NA
488,"aggR11",5,"zNegative_17",41.2496354721484,NA
488,"aac6I123",2,"zNegative_17",11.3437589734004,NA
488,"stx23291",5,"zNegative_17",78.4426543581793,NA
488,"mcr64",6,"zNegative_17",89.7884189932358,NA
488,"dfrA1",6,"zNegative_17",171.576934043566,NA
488,"uidA616",8,"zNegative_17",51.0816207588305,NA
488,"eae111",1,"zNegative_17",23.7304952007239,NA
488,"ipaH321",7,"zNegative_17",21.2616862461866,NA
488,"aac6I6",3,"zNegative_17",24.2770971057034,NA
488,"aaiC47",2,"zNegative_17",13.6202465566286,NA
488,"aadA1",1,"zNegative_17",14.1571352863536,NA
488,"bfpF56",1,"zNegative_17",2.97627866533694,NA
488,"aaiC17",2,"zNegative_17",20.0162425863696,NA
488,"astA13",1,"zNegative_17",10.8982949359371,NA
489,"dfrA15",5717,"zNegative_18",45044.3140768821,NA
489,"tetA13",64,"zNegative_18",179.496739852089,NA
489,"dfrA369",571,"zNegative_18",8679.36043701556,NA
489,"qnrB7",804,"zNegative_18",3932.28470087176,NA
489,"bfpA82",136,"zNegative_18",1344.94106231646,NA
489,"stx23291",14,"zNegative_18",78.4426543581793,NA
489,"ipaH921",131,"zNegative_18",892.457127114583,NA
489,"sul15",69,"zNegative_18",406.852140513735,NA
489,"dfrA1",9,"zNegative_18",171.576934043566,NA
489,"aph6I29",373,"zNegative_18",1564.71149082057,NA
489,"dfrA243",422,"zNegative_18",3059.13029908572,NA
489,"sul336",58,"zNegative_18",651.156032356883,NA
489,"yjaA12",22,"zNegative_18",194.115628268021,NA
489,"eae6271",48,"zNegative_18",513.949347429163,NA
489,"chuA24",18,"zNegative_18",120.880769045547,NA
489,"mcr28",235,"zNegative_18",3302.48592248652,NA
489,"trpA354",20,"zNegative_18",134.062059371692,NA
489,"dfrA58",116,"zNegative_18",570.011106605434,NA
489,"invE132",143,"zNegative_18",1873.07522286973,NA
489,"aac3VI23",17,"zNegative_18",43.3275644759138,NA
489,"stx1301",30,"zNegative_18",383.16671651034,NA
489,"tetM34",2,"zNegative_18",19.905700783891,NA
489,"tetB43",24,"zNegative_18",186.174284143104,NA
489,"aadA57",4,"zNegative_18",23.5136927375065,NA
489,"eltA73",20,"zNegative_18",100.946481015484,NA
489,"sul22",20,"zNegative_18",234.331413109493,NA
489,"ant2Ia1",46,"zNegative_18",225.708178159779,NA
489,"aac3II63",1,"zNegative_18",3.768131939875,NA
489,"aggR11",2,"zNegative_18",41.2496354721484,NA
489,"uidA616",5,"zNegative_18",51.0816207588305,NA
489,"ipaH321",3,"zNegative_18",21.2616862461866,NA
489,"aap223",1,"zNegative_18",2.87320121980796,NA
489,"Tsp19",5,"zNegative_18",21.8678047948649,NA
489,"aac6I6",2,"zNegative_18",24.2770971057034,NA
489,"eae111",3,"zNegative_18",23.7304952007239,NA
489,"gadph195",15,"zNegative_18",105.058327370762,NA
489,"aac6I123",1,"zNegative_18",11.3437589734004,NA
489,"stx11581",5,"zNegative_18",41.8241822416477,NA
489,"mphA18",5,"zNegative_18",17.0702477702863,NA
489,"mcr64",3,"zNegative_18",89.7884189932358,NA
489,"arpA19",2,"zNegative_18",7.89715486823765,NA
489,"astA13",1,"zNegative_18",10.8982949359371,NA
489,"aafA83",1,"zNegative_18",1,NA
489,"bfpF56",1,"zNegative_18",2.97627866533694,NA
489,"ermB1",1,"zNegative_18",9.18421024727134,NA
490,"dfrA15",5383,"zNegative_19",45044.3140768821,NA
490,"bfpA82",152,"zNegative_19",1344.94106231646,NA
490,"dfrA243",408,"zNegative_19",3059.13029908572,NA
490,"mcr28",234,"zNegative_19",3302.48592248652,NA
490,"qnrB7",657,"zNegative_19",3932.28470087176,NA
490,"dfrA58",103,"zNegative_19",570.011106605434,NA
490,"eltA73",13,"zNegative_19",100.946481015484,NA
490,"aac6I6",2,"zNegative_19",24.2770971057034,NA
490,"dfrA369",551,"zNegative_19",8679.36043701556,NA
490,"tetB43",21,"zNegative_19",186.174284143104,NA
490,"invE132",162,"zNegative_19",1873.07522286973,NA
490,"ipaH921",131,"zNegative_19",892.457127114583,NA
490,"aph6I29",353,"zNegative_19",1564.71149082057,NA
490,"sul336",60,"zNegative_19",651.156032356883,NA
490,"sul15",68,"zNegative_19",406.852140513735,NA
490,"mcr64",4,"zNegative_19",89.7884189932358,NA
490,"stx1301",35,"zNegative_19",383.16671651034,NA
490,"yjaA12",18,"zNegative_19",194.115628268021,NA
490,"dfrA1",14,"zNegative_19",171.576934043566,NA
490,"tetA13",58,"zNegative_19",179.496739852089,NA
490,"ant2Ia1",37,"zNegative_19",225.708178159779,NA
490,"stx2181",2,"zNegative_19",28.4620161784287,NA
490,"eae6271",36,"zNegative_19",513.949347429163,NA
490,"trpA354",14,"zNegative_19",134.062059371692,NA
490,"sul22",15,"zNegative_19",234.331413109493,NA
490,"aadA57",5,"zNegative_19",23.5136927375065,NA
490,"gadph195",15,"zNegative_19",105.058327370762,NA
490,"chuA24",23,"zNegative_19",120.880769045547,NA
490,"aac3VI23",12,"zNegative_19",43.3275644759138,NA
490,"tetM34",3,"zNegative_19",19.905700783891,NA
490,"aggR11",5,"zNegative_19",41.2496354721484,NA
490,"Tsp19",3,"zNegative_19",21.8678047948649,NA
490,"ipaH321",8,"zNegative_19",21.2616862461866,NA
490,"aac6I123",2,"zNegative_19",11.3437589734004,NA
490,"mphA18",4,"zNegative_19",17.0702477702863,NA
490,"uidA616",3,"zNegative_19",51.0816207588305,NA
490,"stx23291",4,"zNegative_19",78.4426543581793,NA
490,"stx11581",5,"zNegative_19",41.8241822416477,NA
490,"aaiC17",2,"zNegative_19",20.0162425863696,NA
491,"dfrA15",6361,"zNegative_20",45044.3140768821,NA
491,"dfrA243",449,"zNegative_20",3059.13029908572,NA
491,"invE132",158,"zNegative_20",1873.07522286973,NA
491,"aac3VI23",11,"zNegative_20",43.3275644759138,NA
491,"aph6I29",445,"zNegative_20",1564.71149082057,NA
491,"qnrB7",869,"zNegative_20",3932.28470087176,NA
491,"mcr28",265,"zNegative_20",3302.48592248652,NA
491,"dfrA369",667,"zNegative_20",8679.36043701556,NA
491,"sul22",24,"zNegative_20",234.331413109493,NA
491,"dfrA58",146,"zNegative_20",570.011106605434,NA
491,"bfpA82",183,"zNegative_20",1344.94106231646,NA
491,"tetB43",33,"zNegative_20",186.174284143104,NA
491,"dfrA1",10,"zNegative_20",171.576934043566,NA
491,"aadA1",1,"zNegative_20",14.1571352863536,NA
491,"yjaA12",22,"zNegative_20",194.115628268021,NA
491,"tetA13",89,"zNegative_20",179.496739852089,NA
491,"ipaH921",152,"zNegative_20",892.457127114583,NA
491,"sul15",83,"zNegative_20",406.852140513735,NA
491,"stx1301",40,"zNegative_20",383.16671651034,NA
491,"uidA616",13,"zNegative_20",51.0816207588305,NA
491,"chuA24",23,"zNegative_20",120.880769045547,NA
491,"eltA73",11,"zNegative_20",100.946481015484,NA
491,"ant2Ia1",47,"zNegative_20",225.708178159779,NA
491,"sul336",68,"zNegative_20",651.156032356883,NA
491,"trpA354",12,"zNegative_20",134.062059371692,NA
491,"eae6271",49,"zNegative_20",513.949347429163,NA
491,"gadph195",19,"zNegative_20",105.058327370762,NA
491,"aadA57",11,"zNegative_20",23.5136927375065,NA
491,"ipaH321",3,"zNegative_20",21.2616862461866,NA
491,"stx23291",9,"zNegative_20",78.4426543581793,NA
491,"stx11581",5,"zNegative_20",41.8241822416477,NA
491,"stx2181",4,"zNegative_20",28.4620161784287,NA
491,"astA13",3,"zNegative_20",10.8982949359371,NA
491,"aac6I6",6,"zNegative_20",24.2770971057034,NA
491,"Tsp19",3,"zNegative_20",21.8678047948649,NA
491,"mphA18",1,"zNegative_20",17.0702477702863,NA
491,"eae111",2,"zNegative_20",23.7304952007239,NA
491,"mcr64",4,"zNegative_20",89.7884189932358,NA
491,"aggR11",1,"zNegative_20",41.2496354721484,NA
491,"aadA21",1,"zNegative_20",9.14218305826812,NA
491,"aap223",2,"zNegative_20",2.87320121980796,NA
491,"aac3II63",1,"zNegative_20",3.768131939875,NA
492,"dfrA15",7467,"zNegative_21",45044.3140768821,NA
492,"qnrB7",1062,"zNegative_21",3932.28470087176,NA
492,"aph6I29",528,"zNegative_21",1564.71149082057,NA
492,"dfrA243",541,"zNegative_21",3059.13029908572,NA
492,"dfrA369",777,"zNegative_21",8679.36043701556,NA
492,"sul15",122,"zNegative_21",406.852140513735,NA
492,"stx23291",10,"zNegative_21",78.4426543581793,NA
492,"dfrA1",20,"zNegative_21",171.576934043566,NA
492,"stx1301",49,"zNegative_21",383.16671651034,NA
492,"invE132",200,"zNegative_21",1873.07522286973,NA
492,"ipaH921",187,"zNegative_21",892.457127114583,NA
492,"mcr28",308,"zNegative_21",3302.48592248652,NA
492,"eltA73",18,"zNegative_21",100.946481015484,NA
492,"gadph195",16,"zNegative_21",105.058327370762,NA
492,"sul22",24,"zNegative_21",234.331413109493,NA
492,"yjaA12",29,"zNegative_21",194.115628268021,NA
492,"astA13",3,"zNegative_21",10.8982949359371,NA
492,"tetA13",72,"zNegative_21",179.496739852089,NA
492,"aac3VI23",14,"zNegative_21",43.3275644759138,NA
492,"bfpA82",203,"zNegative_21",1344.94106231646,NA
492,"tetB43",28,"zNegative_21",186.174284143104,NA
492,"dfrA58",193,"zNegative_21",570.011106605434,NA
492,"ant2Ia1",59,"zNegative_21",225.708178159779,NA
492,"stx11581",4,"zNegative_21",41.8241822416477,NA
492,"eae6271",50,"zNegative_21",513.949347429163,NA
492,"sul336",94,"zNegative_21",651.156032356883,NA
492,"uidA616",14,"zNegative_21",51.0816207588305,NA
492,"aadA57",10,"zNegative_21",23.5136927375065,NA
492,"trpA354",27,"zNegative_21",134.062059371692,NA
492,"chuA24",27,"zNegative_21",120.880769045547,NA
492,"ipaH321",4,"zNegative_21",21.2616862461866,NA
492,"mcr64",10,"zNegative_21",89.7884189932358,NA
492,"mphA18",2,"zNegative_21",17.0702477702863,NA
492,"stx2181",3,"zNegative_21",28.4620161784287,NA
492,"aggR11",1,"zNegative_21",41.2496354721484,NA
492,"aac3II63",2,"zNegative_21",3.768131939875,NA
492,"aap223",1,"zNegative_21",2.87320121980796,NA
492,"aac6I6",2,"zNegative_21",24.2770971057034,NA
492,"Tsp19",2,"zNegative_21",21.8678047948649,NA
492,"eae111",1,"zNegative_21",23.7304952007239,NA
492,"bfpF105",1,"zNegative_21",2.84048617445339,NA
492,"tetM34",1,"zNegative_21",19.905700783891,NA
493,"dfrA15",9118,"zNegative_22",45044.3140768821,NA
493,"dfrA58",207,"zNegative_22",570.011106605434,NA
493,"invE132",269,"zNegative_22",1873.07522286973,NA
493,"dfrA369",959,"zNegative_22",8679.36043701556,NA
493,"qnrB7",1237,"zNegative_22",3932.28470087176,NA
493,"aph6I29",632,"zNegative_22",1564.71149082057,NA
493,"bfpA82",260,"zNegative_22",1344.94106231646,NA
493,"dfrA243",622,"zNegative_22",3059.13029908572,NA
493,"sul15",133,"zNegative_22",406.852140513735,NA
493,"mcr28",406,"zNegative_22",3302.48592248652,NA
493,"sul336",108,"zNegative_22",651.156032356883,NA
493,"sul22",26,"zNegative_22",234.331413109493,NA
493,"tetA13",93,"zNegative_22",179.496739852089,NA
493,"eae6271",64,"zNegative_22",513.949347429163,NA
493,"ipaH921",210,"zNegative_22",892.457127114583,NA
493,"gadph195",27,"zNegative_22",105.058327370762,NA
493,"chuA24",46,"zNegative_22",120.880769045547,NA
493,"tetB43",38,"zNegative_22",186.174284143104,NA
493,"aadA57",12,"zNegative_22",23.5136927375065,NA
493,"aac3VI23",19,"zNegative_22",43.3275644759138,NA
493,"stx1301",65,"zNegative_22",383.16671651034,NA
493,"ant2Ia1",71,"zNegative_22",225.708178159779,NA
493,"yjaA12",27,"zNegative_22",194.115628268021,NA
493,"Tsp19",9,"zNegative_22",21.8678047948649,NA
493,"eltA73",13,"zNegative_22",100.946481015484,NA
493,"stx23291",12,"zNegative_22",78.4426543581793,NA
493,"trpA354",26,"zNegative_22",134.062059371692,NA
493,"aadA1",3,"zNegative_22",14.1571352863536,NA
493,"uidA616",12,"zNegative_22",51.0816207588305,NA
493,"ipaH321",7,"zNegative_22",21.2616862461866,NA
493,"dfrA1",19,"zNegative_22",171.576934043566,NA
493,"eae111",5,"zNegative_22",23.7304952007239,NA
493,"stx2181",3,"zNegative_22",28.4620161784287,NA
493,"qnrS1",1,"zNegative_22",7.41224995740564,NA
493,"mcr64",6,"zNegative_22",89.7884189932358,NA
493,"aggR11",1,"zNegative_22",41.2496354721484,NA
493,"aadA21",2,"zNegative_22",9.14218305826812,NA
493,"aac3II63",1,"zNegative_22",3.768131939875,NA
493,"aac6I6",2,"zNegative_22",24.2770971057034,NA
493,"stx11581",3,"zNegative_22",41.8241822416477,NA
493,"astA13",4,"zNegative_22",10.8982949359371,NA
493,"bfpF56",1,"zNegative_22",2.97627866533694,NA
493,"mphA18",4,"zNegative_22",17.0702477702863,NA
493,"bfpF105",1,"zNegative_22",2.84048617445339,NA
493,"estIa94",2,"zNegative_22",7.15894419987053,NA
493,"tetM34",1,"zNegative_22",19.905700783891,NA
493,"aaiC47",1,"zNegative_22",13.6202465566286,NA
494,"aph6I29",344,"zNegative_23",1564.71149082057,NA
494,"dfrA15",5009,"zNegative_23",45044.3140768821,NA
494,"dfrA243",342,"zNegative_23",3059.13029908572,NA
494,"ipaH921",142,"zNegative_23",892.457127114583,NA
494,"tetA13",43,"zNegative_23",179.496739852089,NA
494,"dfrA58",130,"zNegative_23",570.011106605434,NA
494,"sul15",60,"zNegative_23",406.852140513735,NA
494,"qnrB7",669,"zNegative_23",3932.28470087176,NA
494,"stx1301",30,"zNegative_23",383.16671651034,NA
494,"mcr28",219,"zNegative_23",3302.48592248652,NA
494,"dfrA369",555,"zNegative_23",8679.36043701556,NA
494,"aadA57",4,"zNegative_23",23.5136927375065,NA
494,"eae6271",33,"zNegative_23",513.949347429163,NA
494,"invE132",143,"zNegative_23",1873.07522286973,NA
494,"eltA73",15,"zNegative_23",100.946481015484,NA
494,"trpA354",26,"zNegative_23",134.062059371692,NA
494,"bfpA82",149,"zNegative_23",1344.94106231646,NA
494,"sul336",64,"zNegative_23",651.156032356883,NA
494,"gadph195",15,"zNegative_23",105.058327370762,NA
494,"chuA24",22,"zNegative_23",120.880769045547,NA
494,"ant2Ia1",41,"zNegative_23",225.708178159779,NA
494,"tetB43",16,"zNegative_23",186.174284143104,NA
494,"sul22",13,"zNegative_23",234.331413109493,NA
494,"dfrA1",10,"zNegative_23",171.576934043566,NA
494,"stx23291",5,"zNegative_23",78.4426543581793,NA
494,"yjaA12",15,"zNegative_23",194.115628268021,NA
494,"ipaH321",5,"zNegative_23",21.2616862461866,NA
494,"tetM34",1,"zNegative_23",19.905700783891,NA
494,"mphA18",1,"zNegative_23",17.0702477702863,NA
494,"bfpF56",1,"zNegative_23",2.97627866533694,NA
494,"uidA616",8,"zNegative_23",51.0816207588305,NA
494,"astA13",4,"zNegative_23",10.8982949359371,NA
494,"eae111",3,"zNegative_23",23.7304952007239,NA
494,"aac6I6",3,"zNegative_23",24.2770971057034,NA
494,"aadA21",1,"zNegative_23",9.14218305826812,NA
494,"stx2181",1,"zNegative_23",28.4620161784287,NA
494,"aac3VI23",6,"zNegative_23",43.3275644759138,NA
494,"Tsp19",1,"zNegative_23",21.8678047948649,NA
494,"mcr64",3,"zNegative_23",89.7884189932358,NA
494,"aap223",2,"zNegative_23",2.87320121980796,NA
494,"eltA4510",2,"zNegative_23",6.28783638827619,NA
494,"aaiC47",1,"zNegative_23",13.6202465566286,NA
494,"stx11581",1,"zNegative_23",41.8241822416477,NA
494,"aac3II63",1,"zNegative_23",3.768131939875,NA
495,"mcr28",166,"zNegative_24",3302.48592248652,NA
495,"dfrA15",4208,"zNegative_24",45044.3140768821,NA
495,"aph6I29",367,"zNegative_24",1564.71149082057,NA
495,"dfrA369",434,"zNegative_24",8679.36043701556,NA
495,"ipaH921",125,"zNegative_24",892.457127114583,NA
495,"tetA13",66,"zNegative_24",179.496739852089,NA
495,"dfrA243",315,"zNegative_24",3059.13029908572,NA
495,"qnrB7",572,"zNegative_24",3932.28470087176,NA
495,"bfpA82",105,"zNegative_24",1344.94106231646,NA
495,"trpA354",12,"zNegative_24",134.062059371692,NA
495,"sul336",56,"zNegative_24",651.156032356883,NA
495,"stx1301",37,"zNegative_24",383.16671651034,NA
495,"sul15",62,"zNegative_24",406.852140513735,NA
495,"gadph195",7,"zNegative_24",105.058327370762,NA
495,"invE132",115,"zNegative_24",1873.07522286973,NA
495,"aadA1",2,"zNegative_24",14.1571352863536,NA
495,"dfrA1",10,"zNegative_24",171.576934043566,NA
495,"tetB43",19,"zNegative_24",186.174284143104,NA
495,"aadA57",8,"zNegative_24",23.5136927375065,NA
495,"stx2181",2,"zNegative_24",28.4620161784287,NA
495,"ant2Ia1",39,"zNegative_24",225.708178159779,NA
495,"eae6271",27,"zNegative_24",513.949347429163,NA
495,"dfrA58",93,"zNegative_24",570.011106605434,NA
495,"aac3VI23",14,"zNegative_24",43.3275644759138,NA
495,"Tsp19",3,"zNegative_24",21.8678047948649,NA
495,"eltA73",9,"zNegative_24",100.946481015484,NA
495,"stx23291",9,"zNegative_24",78.4426543581793,NA
495,"chuA24",14,"zNegative_24",120.880769045547,NA
495,"eltB12",1,"zNegative_24",4.11448275856325,NA
495,"sul22",13,"zNegative_24",234.331413109493,NA
495,"yjaA12",15,"zNegative_24",194.115628268021,NA
495,"arpA19",1,"zNegative_24",7.89715486823765,NA
495,"mcr64",3,"zNegative_24",89.7884189932358,NA
495,"stx11581",5,"zNegative_24",41.8241822416477,NA
495,"aac3II63",2,"zNegative_24",3.768131939875,NA
495,"ipaH321",3,"zNegative_24",21.2616862461866,NA
495,"tetM34",3,"zNegative_24",19.905700783891,NA
495,"bfpF56",1,"zNegative_24",2.97627866533694,NA
495,"astA13",1,"zNegative_24",10.8982949359371,NA
496,"invE132",98,"zNegative_25",1873.07522286973,NA
496,"dfrA369",338,"zNegative_25",8679.36043701556,NA
496,"dfrA15",3696,"zNegative_25",45044.3140768821,NA
496,"qnrB7",463,"zNegative_25",3932.28470087176,NA
496,"dfrA243",307,"zNegative_25",3059.13029908572,NA
496,"aph6I29",267,"zNegative_25",1564.71149082057,NA
496,"dfrA58",87,"zNegative_25",570.011106605434,NA
496,"mcr28",138,"zNegative_25",3302.48592248652,NA
496,"ipaH921",106,"zNegative_25",892.457127114583,NA
496,"tetA13",41,"zNegative_25",179.496739852089,NA
496,"eltA73",12,"zNegative_25",100.946481015484,NA
496,"sul336",49,"zNegative_25",651.156032356883,NA
496,"sul15",65,"zNegative_25",406.852140513735,NA
496,"gadph195",9,"zNegative_25",105.058327370762,NA
496,"trpA354",10,"zNegative_25",134.062059371692,NA
496,"stx11581",3,"zNegative_25",41.8241822416477,NA
496,"tetB43",15,"zNegative_25",186.174284143104,NA
496,"bfpA82",86,"zNegative_25",1344.94106231646,NA
496,"stx23291",7,"zNegative_25",78.4426543581793,NA
496,"ant2Ia1",27,"zNegative_25",225.708178159779,NA
496,"eae6271",22,"zNegative_25",513.949347429163,NA
496,"chuA24",15,"zNegative_25",120.880769045547,NA
496,"ipaH321",3,"zNegative_25",21.2616862461866,NA
496,"yjaA12",9,"zNegative_25",194.115628268021,NA
496,"dfrA1",8,"zNegative_25",171.576934043566,NA
496,"sul22",15,"zNegative_25",234.331413109493,NA
496,"stx1301",12,"zNegative_25",383.16671651034,NA
496,"mcr64",3,"zNegative_25",89.7884189932358,NA
496,"stx2181",3,"zNegative_25",28.4620161784287,NA
496,"uidA616",7,"zNegative_25",51.0816207588305,NA
496,"aaiC47",2,"zNegative_25",13.6202465566286,NA
496,"aac6I6",1,"zNegative_25",24.2770971057034,NA
496,"aac3VI23",9,"zNegative_25",43.3275644759138,NA
496,"astA13",2,"zNegative_25",10.8982949359371,NA
496,"mphA18",2,"zNegative_25",17.0702477702863,NA
496,"tetM34",1,"zNegative_25",19.905700783891,NA
496,"Tsp19",1,"zNegative_25",21.8678047948649,NA
496,"aadA57",3,"zNegative_25",23.5136927375065,NA
496,"aggR11",1,"zNegative_25",41.2496354721484,NA
497,"dfrA15",3801,"zNegative_26",45044.3140768821,NA
497,"dfrA58",85,"zNegative_26",570.011106605434,NA
497,"dfrA369",363,"zNegative_26",8679.36043701556,NA
497,"ant2Ia1",20,"zNegative_26",225.708178159779,NA
497,"sul22",14,"zNegative_26",234.331413109493,NA
497,"bfpA82",92,"zNegative_26",1344.94106231646,NA
497,"qnrB7",485,"zNegative_26",3932.28470087176,NA
497,"sul336",46,"zNegative_26",651.156032356883,NA
497,"dfrA243",273,"zNegative_26",3059.13029908572,NA
497,"ipaH921",97,"zNegative_26",892.457127114583,NA
497,"aph6I29",295,"zNegative_26",1564.71149082057,NA
497,"uidA616",9,"zNegative_26",51.0816207588305,NA
497,"mcr28",136,"zNegative_26",3302.48592248652,NA
497,"stx1301",26,"zNegative_26",383.16671651034,NA
497,"tetA13",33,"zNegative_26",179.496739852089,NA
497,"chuA24",19,"zNegative_26",120.880769045547,NA
497,"sul15",44,"zNegative_26",406.852140513735,NA
497,"invE132",94,"zNegative_26",1873.07522286973,NA
497,"yjaA12",8,"zNegative_26",194.115628268021,NA
497,"aadA1",3,"zNegative_26",14.1571352863536,NA
497,"mphA18",3,"zNegative_26",17.0702477702863,NA
497,"eltA73",14,"zNegative_26",100.946481015484,NA
497,"tetB43",14,"zNegative_26",186.174284143104,NA
497,"eae6271",21,"zNegative_26",513.949347429163,NA
497,"stx23291",7,"zNegative_26",78.4426543581793,NA
497,"aac3VI23",14,"zNegative_26",43.3275644759138,NA
497,"aac6I123",1,"zNegative_26",11.3437589734004,NA
497,"Tsp19",1,"zNegative_26",21.8678047948649,NA
497,"dfrA1",8,"zNegative_26",171.576934043566,NA
497,"aadA57",2,"zNegative_26",23.5136927375065,NA
497,"trpA354",15,"zNegative_26",134.062059371692,NA
497,"gadph195",5,"zNegative_26",105.058327370762,NA
497,"stx2181",1,"zNegative_26",28.4620161784287,NA
497,"aap223",1,"zNegative_26",2.87320121980796,NA
497,"aaiC17",1,"zNegative_26",20.0162425863696,NA
497,"ermB1",1,"zNegative_26",9.18421024727134,NA
497,"qnrB35",1,"zNegative_26",1,NA
497,"eltA4510",1,"zNegative_26",6.28783638827619,NA
497,"aac6I6",1,"zNegative_26",24.2770971057034,NA
497,"stx11581",1,"zNegative_26",41.8241822416477,NA
497,"tetM34",1,"zNegative_26",19.905700783891,NA
497,"ipaH321",1,"zNegative_26",21.2616862461866,NA
498,"dfrA15",2037,"zNegative_27",45044.3140768821,NA
498,"dfrA58",50,"zNegative_27",570.011106605434,NA
498,"dfrA243",183,"zNegative_27",3059.13029908572,NA
498,"qnrB7",222,"zNegative_27",3932.28470087176,NA
498,"dfrA369",234,"zNegative_27",8679.36043701556,NA
498,"aph6I29",126,"zNegative_27",1564.71149082057,NA
498,"invE132",54,"zNegative_27",1873.07522286973,NA
498,"bfpA82",66,"zNegative_27",1344.94106231646,NA
498,"eae6271",15,"zNegative_27",513.949347429163,NA
498,"sul15",24,"zNegative_27",406.852140513735,NA
498,"stx1301",21,"zNegative_27",383.16671651034,NA
498,"ant2Ia1",17,"zNegative_27",225.708178159779,NA
498,"ipaH921",32,"zNegative_27",892.457127114583,NA
498,"sul336",32,"zNegative_27",651.156032356883,NA
498,"mcr28",102,"zNegative_27",3302.48592248652,NA
498,"tetA13",30,"zNegative_27",179.496739852089,NA
498,"aadA57",4,"zNegative_27",23.5136927375065,NA
498,"gadph195",4,"zNegative_27",105.058327370762,NA
498,"sul22",10,"zNegative_27",234.331413109493,NA
498,"stx23291",3,"zNegative_27",78.4426543581793,NA
498,"chuA24",13,"zNegative_27",120.880769045547,NA
498,"tetB43",11,"zNegative_27",186.174284143104,NA
498,"uidA616",4,"zNegative_27",51.0816207588305,NA
498,"ipaH321",2,"zNegative_27",21.2616862461866,NA
498,"aac3VI23",9,"zNegative_27",43.3275644759138,NA
498,"aadA1",2,"zNegative_27",14.1571352863536,NA
498,"trpA354",2,"zNegative_27",134.062059371692,NA
498,"yjaA12",3,"zNegative_27",194.115628268021,NA
498,"dfrA1",5,"zNegative_27",171.576934043566,NA
498,"aac6I6",2,"zNegative_27",24.2770971057034,NA
498,"mcr64",1,"zNegative_27",89.7884189932358,NA
498,"aggR11",2,"zNegative_27",41.2496354721484,NA
498,"astA13",1,"zNegative_27",10.8982949359371,NA
498,"aadA21",1,"zNegative_27",9.14218305826812,NA
498,"eltA73",3,"zNegative_27",100.946481015484,NA
498,"stx11581",1,"zNegative_27",41.8241822416477,NA
499,"dfrA15",2782,"zNegative_28",45044.3140768821,NA
499,"mphA18",2,"zNegative_28",17.0702477702863,NA
499,"bfpA82",69,"zNegative_28",1344.94106231646,NA
499,"qnrB7",376,"zNegative_28",3932.28470087176,NA
499,"dfrA58",71,"zNegative_28",570.011106605434,NA
499,"invE132",56,"zNegative_28",1873.07522286973,NA
499,"dfrA243",221,"zNegative_28",3059.13029908572,NA
499,"ipaH921",52,"zNegative_28",892.457127114583,NA
499,"sul15",38,"zNegative_28",406.852140513735,NA
499,"dfrA369",264,"zNegative_28",8679.36043701556,NA
499,"chuA24",16,"zNegative_28",120.880769045547,NA
499,"mcr28",103,"zNegative_28",3302.48592248652,NA
499,"aph6I29",195,"zNegative_28",1564.71149082057,NA
499,"aac3VI23",7,"zNegative_28",43.3275644759138,NA
499,"eae6271",14,"zNegative_28",513.949347429163,NA
499,"tetA13",37,"zNegative_28",179.496739852089,NA
499,"sul336",38,"zNegative_28",651.156032356883,NA
499,"ant2Ia1",26,"zNegative_28",225.708178159779,NA
499,"yjaA12",14,"zNegative_28",194.115628268021,NA
499,"tetB43",10,"zNegative_28",186.174284143104,NA
499,"sul22",14,"zNegative_28",234.331413109493,NA
499,"eltA73",4,"zNegative_28",100.946481015484,NA
499,"aac3II63",1,"zNegative_28",3.768131939875,NA
499,"stx23291",3,"zNegative_28",78.4426543581793,NA
499,"stx1301",19,"zNegative_28",383.16671651034,NA
499,"gadph195",5,"zNegative_28",105.058327370762,NA
499,"mcr64",5,"zNegative_28",89.7884189932358,NA
499,"dfrA1",6,"zNegative_28",171.576934043566,NA
499,"stx11581",1,"zNegative_28",41.8241822416477,NA
499,"astA13",2,"zNegative_28",10.8982949359371,NA
499,"trpA354",8,"zNegative_28",134.062059371692,NA
499,"stx2181",2,"zNegative_28",28.4620161784287,NA
499,"ipaH321",3,"zNegative_28",21.2616862461866,NA
499,"eltA4510",1,"zNegative_28",6.28783638827619,NA
499,"aap223",1,"zNegative_28",2.87320121980796,NA
499,"aaiC47",1,"zNegative_28",13.6202465566286,NA
499,"eae111",1,"zNegative_28",23.7304952007239,NA
499,"aadA57",3,"zNegative_28",23.5136927375065,NA
499,"Tsp19",2,"zNegative_28",21.8678047948649,NA
499,"uidA616",2,"zNegative_28",51.0816207588305,NA
499,"aadA1",1,"zNegative_28",14.1571352863536,NA
500,"aph6I29",324,"zNegative_29",1564.71149082057,NA
500,"dfrA15",4350,"zNegative_29",45044.3140768821,NA
500,"mcr28",176,"zNegative_29",3302.48592248652,NA
500,"dfrA369",435,"zNegative_29",8679.36043701556,NA
500,"qnrB7",579,"zNegative_29",3932.28470087176,NA
500,"ipaH921",113,"zNegative_29",892.457127114583,NA
500,"invE132",125,"zNegative_29",1873.07522286973,NA
500,"dfrA58",108,"zNegative_29",570.011106605434,NA
500,"dfrA243",321,"zNegative_29",3059.13029908572,NA
500,"sul336",44,"zNegative_29",651.156032356883,NA
500,"bfpA82",119,"zNegative_29",1344.94106231646,NA
500,"sul15",73,"zNegative_29",406.852140513735,NA
500,"stx2181",6,"zNegative_29",28.4620161784287,NA
500,"yjaA12",19,"zNegative_29",194.115628268021,NA
500,"stx1301",36,"zNegative_29",383.16671651034,NA
500,"estIa94",1,"zNegative_29",7.15894419987053,NA
500,"stx23291",7,"zNegative_29",78.4426543581793,NA
500,"ant2Ia1",41,"zNegative_29",225.708178159779,NA
500,"sul22",16,"zNegative_29",234.331413109493,NA
500,"tetA13",60,"zNegative_29",179.496739852089,NA
500,"Tsp19",5,"zNegative_29",21.8678047948649,NA
500,"trpA354",20,"zNegative_29",134.062059371692,NA
500,"eae6271",31,"zNegative_29",513.949347429163,NA
500,"tetB43",16,"zNegative_29",186.174284143104,NA
500,"eltA73",9,"zNegative_29",100.946481015484,NA
500,"dfrA1",12,"zNegative_29",171.576934043566,NA
500,"gadph195",8,"zNegative_29",105.058327370762,NA
500,"ipaH321",8,"zNegative_29",21.2616862461866,NA
500,"uidA616",11,"zNegative_29",51.0816207588305,NA
500,"aadA57",6,"zNegative_29",23.5136927375065,NA
500,"stx11581",4,"zNegative_29",41.8241822416477,NA
500,"eae111",5,"zNegative_29",23.7304952007239,NA
500,"mcr64",1,"zNegative_29",89.7884189932358,NA
500,"chuA24",14,"zNegative_29",120.880769045547,NA
500,"aaiC17",2,"zNegative_29",20.0162425863696,NA
500,"aadA1",1,"zNegative_29",14.1571352863536,NA
500,"aac3VI23",6,"zNegative_29",43.3275644759138,NA
500,"mphA18",1,"zNegative_29",17.0702477702863,NA
500,"aac6I6",3,"zNegative_29",24.2770971057034,NA
500,"tetM34",1,"zNegative_29",19.905700783891,NA
501,"aadA57",4,"zNegative_30",23.5136927375065,NA
501,"dfrA15",4789,"zNegative_30",45044.3140768821,NA
501,"dfrA58",129,"zNegative_30",570.011106605434,NA
501,"eltA73",9,"zNegative_30",100.946481015484,NA
501,"bfpA82",156,"zNegative_30",1344.94106231646,NA
501,"dfrA243",370,"zNegative_30",3059.13029908572,NA
501,"qnrB7",609,"zNegative_30",3932.28470087176,NA
501,"aph6I29",359,"zNegative_30",1564.71149082057,NA
501,"sul336",63,"zNegative_30",651.156032356883,NA
501,"mcr28",208,"zNegative_30",3302.48592248652,NA
501,"chuA24",18,"zNegative_30",120.880769045547,NA
501,"ant2Ia1",31,"zNegative_30",225.708178159779,NA
501,"sul15",70,"zNegative_30",406.852140513735,NA
501,"tetB43",25,"zNegative_30",186.174284143104,NA
501,"dfrA369",480,"zNegative_30",8679.36043701556,NA
501,"tetA13",60,"zNegative_30",179.496739852089,NA
501,"eae6271",30,"zNegative_30",513.949347429163,NA
501,"aggR11",1,"zNegative_30",41.2496354721484,NA
501,"invE132",110,"zNegative_30",1873.07522286973,NA
501,"ipaH921",133,"zNegative_30",892.457127114583,NA
501,"stx1301",25,"zNegative_30",383.16671651034,NA
501,"sul22",15,"zNegative_30",234.331413109493,NA
501,"stx11581",4,"zNegative_30",41.8241822416477,NA
501,"dfrA1",9,"zNegative_30",171.576934043566,NA
501,"gadph195",12,"zNegative_30",105.058327370762,NA
501,"aaiC17",2,"zNegative_30",20.0162425863696,NA
501,"yjaA12",18,"zNegative_30",194.115628268021,NA
501,"aac3VI23",12,"zNegative_30",43.3275644759138,NA
501,"stx23291",12,"zNegative_30",78.4426543581793,NA
501,"trpA354",12,"zNegative_30",134.062059371692,NA
501,"stx2181",2,"zNegative_30",28.4620161784287,NA
501,"aac6I6",1,"zNegative_30",24.2770971057034,NA
501,"ipaH321",5,"zNegative_30",21.2616862461866,NA
501,"uidA616",3,"zNegative_30",51.0816207588305,NA
501,"astA13",2,"zNegative_30",10.8982949359371,NA
501,"aac3II63",1,"zNegative_30",3.768131939875,NA
501,"mphA18",2,"zNegative_30",17.0702477702863,NA
501,"mcr64",4,"zNegative_30",89.7884189932358,NA
501,"aatA22",1,"zNegative_30",1,NA
501,"estIa94",1,"zNegative_30",7.15894419987053,NA
501,"Tsp19",3,"zNegative_30",21.8678047948649,NA
501,"eae111",1,"zNegative_30",23.7304952007239,NA
501,"eltA4510",1,"zNegative_30",6.28783638827619,NA
501,"tetM34",3,"zNegative_30",19.905700783891,NA
501,"aadA1",1,"zNegative_30",14.1571352863536,NA
501,"aaiC47",1,"zNegative_30",13.6202465566286,NA
502,"dfrA243",410,"zNegative_31",3059.13029908572,NA
502,"aph6I29",376,"zNegative_31",1564.71149082057,NA
502,"dfrA15",5487,"zNegative_31",45044.3140768821,NA
502,"dfrA58",125,"zNegative_31",570.011106605434,NA
502,"ipaH921",146,"zNegative_31",892.457127114583,NA
502,"dfrA369",573,"zNegative_31",8679.36043701556,NA
502,"qnrB7",723,"zNegative_31",3932.28470087176,NA
502,"invE132",159,"zNegative_31",1873.07522286973,NA
502,"mcr28",253,"zNegative_31",3302.48592248652,NA
502,"ant2Ia1",52,"zNegative_31",225.708178159779,NA
502,"bfpA82",160,"zNegative_31",1344.94106231646,NA
502,"sul336",63,"zNegative_31",651.156032356883,NA
502,"sul15",86,"zNegative_31",406.852140513735,NA
502,"stx23291",9,"zNegative_31",78.4426543581793,NA
502,"aac6I6",5,"zNegative_31",24.2770971057034,NA
502,"sul22",16,"zNegative_31",234.331413109493,NA
502,"aadA57",3,"zNegative_31",23.5136927375065,NA
502,"tetB43",25,"zNegative_31",186.174284143104,NA
502,"eltA73",13,"zNegative_31",100.946481015484,NA
502,"stx1301",31,"zNegative_31",383.16671651034,NA
502,"trpA354",14,"zNegative_31",134.062059371692,NA
502,"tetA13",43,"zNegative_31",179.496739852089,NA
502,"ipaH321",4,"zNegative_31",21.2616862461866,NA
502,"chuA24",28,"zNegative_31",120.880769045547,NA
502,"yjaA12",15,"zNegative_31",194.115628268021,NA
502,"aac3VI23",17,"zNegative_31",43.3275644759138,NA
502,"eae6271",34,"zNegative_31",513.949347429163,NA
502,"Tsp19",4,"zNegative_31",21.8678047948649,NA
502,"uidA616",7,"zNegative_31",51.0816207588305,NA
502,"arpA19",1,"zNegative_31",7.89715486823765,NA
502,"dfrA1",6,"zNegative_31",171.576934043566,NA
502,"stx11581",1,"zNegative_31",41.8241822416477,NA
502,"stx2181",4,"zNegative_31",28.4620161784287,NA
502,"mcr64",3,"zNegative_31",89.7884189932358,NA
502,"aadA1",2,"zNegative_31",14.1571352863536,NA
502,"gadph195",5,"zNegative_31",105.058327370762,NA
502,"aadA21",1,"zNegative_31",9.14218305826812,NA
502,"tetM34",2,"zNegative_31",19.905700783891,NA
502,"aaiC17",1,"zNegative_31",20.0162425863696,NA
502,"mphA18",2,"zNegative_31",17.0702477702863,NA
502,"aggR11",1,"zNegative_31",41.2496354721484,NA
503,"qnrB7",2943,"zNegative_32",3932.28470087176,NA
503,"dfrA15",30913,"zNegative_32",45044.3140768821,NA
503,"dfrA243",2097,"zNegative_32",3059.13029908572,NA
503,"aadA57",11,"zNegative_32",23.5136927375065,NA
503,"yjaA12",118,"zNegative_32",194.115628268021,NA
503,"dfrA58",404,"zNegative_32",570.011106605434,NA
503,"aph6I29",1155,"zNegative_32",1564.71149082057,NA
503,"invE132",1176,"zNegative_32",1873.07522286973,NA
503,"dfrA369",5367,"zNegative_32",8679.36043701556,NA
503,"ipaH921",561,"zNegative_32",892.457127114583,NA
503,"mphA18",10,"zNegative_32",17.0702477702863,NA
503,"stx1301",241,"zNegative_32",383.16671651034,NA
503,"gadph195",71,"zNegative_32",105.058327370762,NA
503,"eltA73",62,"zNegative_32",100.946481015484,NA
503,"bfpA82",934,"zNegative_32",1344.94106231646,NA
503,"sul15",295,"zNegative_32",406.852140513735,NA
503,"mcr28",2065,"zNegative_32",3302.48592248652,NA
503,"sul22",144,"zNegative_32",234.331413109493,NA
503,"tetA13",121,"zNegative_32",179.496739852089,NA
503,"trpA354",99,"zNegative_32",134.062059371692,NA
503,"eae6271",315,"zNegative_32",513.949347429163,NA
503,"tetB43",103,"zNegative_32",186.174284143104,NA
503,"chuA24",84,"zNegative_32",120.880769045547,NA
503,"sul336",441,"zNegative_32",651.156032356883,NA
503,"ant2Ia1",162,"zNegative_32",225.708178159779,NA
503,"stx23291",51,"zNegative_32",78.4426543581793,NA
503,"dfrA1",108,"zNegative_32",171.576934043566,NA
503,"stx2181",13,"zNegative_32",28.4620161784287,NA
503,"ipaH321",17,"zNegative_32",21.2616862461866,NA
503,"aac3VI23",23,"zNegative_32",43.3275644759138,NA
503,"uidA616",21,"zNegative_32",51.0816207588305,NA
503,"tetM34",13,"zNegative_32",19.905700783891,NA
503,"aaiC17",6,"zNegative_32",20.0162425863696,NA
503,"Tsp19",13,"zNegative_32",21.8678047948649,NA
503,"mcr64",44,"zNegative_32",89.7884189932358,NA
503,"aac6I6",15,"zNegative_32",24.2770971057034,NA
503,"estIa94",1,"zNegative_32",7.15894419987053,NA
503,"eae111",8,"zNegative_32",23.7304952007239,NA
503,"aac6I123",8,"zNegative_32",11.3437589734004,NA
503,"ermB1",4,"zNegative_32",9.18421024727134,NA
503,"qnrS1",5,"zNegative_32",7.41224995740564,NA
503,"aadA1",8,"zNegative_32",14.1571352863536,NA
503,"stx11581",26,"zNegative_32",41.8241822416477,NA
503,"astA13",4,"zNegative_32",10.8982949359371,NA
503,"aadA21",5,"zNegative_32",9.14218305826812,NA
503,"bfpF56",2,"zNegative_32",2.97627866533694,NA
503,"aac3II63",1,"zNegative_32",3.768131939875,NA
503,"eltB2318",2,"zNegative_32",3.83864029633549,NA
503,"estIa1515",2,"zNegative_32",4.64619414520943,NA
503,"arpA19",5,"zNegative_32",7.89715486823765,NA
503,"eltA4510",1,"zNegative_32",6.28783638827619,NA
503,"aggR11",9,"zNegative_32",41.2496354721484,NA
503,"aaiC47",5,"zNegative_32",13.6202465566286,NA
503,"qnrB35",1,"zNegative_32",1,NA
503,"eltB12",1,"zNegative_32",4.11448275856325,NA
503,"aafA83",1,"zNegative_32",1,NA
503,"intI125",1,"zNegative_32",1,NA
503,"bfpF105",1,"zNegative_32",2.84048617445339,NA
503,"aap223",1,"zNegative_32",2.87320121980796,NA
504,"aadA57",13,"zNegative_33",23.5136927375065,NA
504,"aph6I29",891,"zNegative_33",1564.71149082057,NA
504,"dfrA15",26527,"zNegative_33",45044.3140768821,NA
504,"dfrA243",1919,"zNegative_33",3059.13029908572,NA
504,"qnrB7",2240,"zNegative_33",3932.28470087176,NA
504,"stx23291",40,"zNegative_33",78.4426543581793,NA
504,"dfrA58",351,"zNegative_33",570.011106605434,NA
504,"dfrA369",4658,"zNegative_33",8679.36043701556,NA
504,"bfpA82",726,"zNegative_33",1344.94106231646,NA
504,"invE132",969,"zNegative_33",1873.07522286973,NA
504,"chuA24",84,"zNegative_33",120.880769045547,NA
504,"tetA13",96,"zNegative_33",179.496739852089,NA
504,"stx1301",209,"zNegative_33",383.16671651034,NA
504,"gadph195",59,"zNegative_33",105.058327370762,NA
504,"aadA1",7,"zNegative_33",14.1571352863536,NA
504,"mcr28",1753,"zNegative_33",3302.48592248652,NA
504,"tetB43",96,"zNegative_33",186.174284143104,NA
504,"ipaH921",554,"zNegative_33",892.457127114583,NA
504,"stx2181",13,"zNegative_33",28.4620161784287,NA
504,"ant2Ia1",132,"zNegative_33",225.708178159779,NA
504,"dfrA1",73,"zNegative_33",171.576934043566,NA
504,"yjaA12",118,"zNegative_33",194.115628268021,NA
504,"uidA616",32,"zNegative_33",51.0816207588305,NA
504,"sul15",223,"zNegative_33",406.852140513735,NA
504,"aac3VI23",18,"zNegative_33",43.3275644759138,NA
504,"sul336",358,"zNegative_33",651.156032356883,NA
504,"eae6271",276,"zNegative_33",513.949347429163,NA
504,"eae111",12,"zNegative_33",23.7304952007239,NA
504,"Tsp19",13,"zNegative_33",21.8678047948649,NA
504,"stx11581",24,"zNegative_33",41.8241822416477,NA
504,"eltA73",62,"zNegative_33",100.946481015484,NA
504,"aadA21",4,"zNegative_33",9.14218305826812,NA
504,"trpA354",68,"zNegative_33",134.062059371692,NA
504,"sul22",117,"zNegative_33",234.331413109493,NA
504,"mphA18",7,"zNegative_33",17.0702477702863,NA
504,"mcr64",41,"zNegative_33",89.7884189932358,NA
504,"bfpF56",1,"zNegative_33",2.97627866533694,NA
504,"tetM34",9,"zNegative_33",19.905700783891,NA
504,"aac6I6",18,"zNegative_33",24.2770971057034,NA
504,"aaiC17",10,"zNegative_33",20.0162425863696,NA
504,"eltA4510",4,"zNegative_33",6.28783638827619,NA
504,"aggR11",16,"zNegative_33",41.2496354721484,NA
504,"ipaH321",8,"zNegative_33",21.2616862461866,NA
504,"aaiC47",9,"zNegative_33",13.6202465566286,NA
504,"aatA12314",1,"zNegative_33",3.3721961330149,NA
504,"arpA19",2,"zNegative_33",7.89715486823765,NA
504,"aap223",1,"zNegative_33",2.87320121980796,NA
504,"eltB2318",1,"zNegative_33",3.83864029633549,NA
504,"aac6I123",1,"zNegative_33",11.3437589734004,NA
504,"astA13",1,"zNegative_33",10.8982949359371,NA
505,"dfrA15",3518,"zNegative_34",45044.3140768821,NA
505,"dfrA369",355,"zNegative_34",8679.36043701556,NA
505,"ipaH921",92,"zNegative_34",892.457127114583,NA
505,"qnrB7",447,"zNegative_34",3932.28470087176,NA
505,"aph6I29",256,"zNegative_34",1564.71149082057,NA
505,"sul15",50,"zNegative_34",406.852140513735,NA
505,"bfpA82",107,"zNegative_34",1344.94106231646,NA
505,"dfrA243",282,"zNegative_34",3059.13029908572,NA
505,"eae6271",25,"zNegative_34",513.949347429163,NA
505,"stx1301",16,"zNegative_34",383.16671651034,NA
505,"invE132",98,"zNegative_34",1873.07522286973,NA
505,"sul22",11,"zNegative_34",234.331413109493,NA
505,"ant2Ia1",29,"zNegative_34",225.708178159779,NA
505,"aac3VI23",9,"zNegative_34",43.3275644759138,NA
505,"sul336",44,"zNegative_34",651.156032356883,NA
505,"bfpF56",1,"zNegative_34",2.97627866533694,NA
505,"aap223",1,"zNegative_34",2.87320121980796,NA
505,"mcr28",148,"zNegative_34",3302.48592248652,NA
505,"chuA24",15,"zNegative_34",120.880769045547,NA
505,"dfrA58",84,"zNegative_34",570.011106605434,NA
505,"aadA21",1,"zNegative_34",9.14218305826812,NA
505,"tetB43",10,"zNegative_34",186.174284143104,NA
505,"stx11581",3,"zNegative_34",41.8241822416477,NA
505,"tetA13",39,"zNegative_34",179.496739852089,NA
505,"eltA73",7,"zNegative_34",100.946481015484,NA
505,"uidA616",4,"zNegative_34",51.0816207588305,NA
505,"tetM34",2,"zNegative_34",19.905700783891,NA
505,"astA13",2,"zNegative_34",10.8982949359371,NA
505,"trpA354",14,"zNegative_34",134.062059371692,NA
505,"stx23291",5,"zNegative_34",78.4426543581793,NA
505,"dfrA1",8,"zNegative_34",171.576934043566,NA
505,"mcr64",3,"zNegative_34",89.7884189932358,NA
505,"eae111",1,"zNegative_34",23.7304952007239,NA
505,"aadA57",2,"zNegative_34",23.5136927375065,NA
505,"gadph195",11,"zNegative_34",105.058327370762,NA
505,"aggR11",1,"zNegative_34",41.2496354721484,NA
505,"yjaA12",9,"zNegative_34",194.115628268021,NA
505,"bfpF105",1,"zNegative_34",2.84048617445339,NA
505,"aaiC17",2,"zNegative_34",20.0162425863696,NA
505,"stx2181",1,"zNegative_34",28.4620161784287,NA
505,"ipaH321",2,"zNegative_34",21.2616862461866,NA
505,"aph3386",1,"zNegative_34",1,NA
505,"Tsp19",1,"zNegative_34",21.8678047948649,NA
506,"dfrA15",5306,"zNegative_35",45044.3140768821,NA
506,"dfrA243",393,"zNegative_35",3059.13029908572,NA
506,"dfrA369",498,"zNegative_35",8679.36043701556,NA
506,"aph6I29",401,"zNegative_35",1564.71149082057,NA
506,"invE132",114,"zNegative_35",1873.07522286973,NA
506,"qnrB7",722,"zNegative_35",3932.28470087176,NA
506,"stx1301",38,"zNegative_35",383.16671651034,NA
506,"ipaH921",127,"zNegative_35",892.457127114583,NA
506,"trpA354",17,"zNegative_35",134.062059371692,NA
506,"mcr28",213,"zNegative_35",3302.48592248652,NA
506,"stx23291",3,"zNegative_35",78.4426543581793,NA
506,"bfpA82",156,"zNegative_35",1344.94106231646,NA
506,"yjaA12",18,"zNegative_35",194.115628268021,NA
506,"tetB43",23,"zNegative_35",186.174284143104,NA
506,"dfrA58",104,"zNegative_35",570.011106605434,NA
506,"eae6271",40,"zNegative_35",513.949347429163,NA
506,"aaiC17",2,"zNegative_35",20.0162425863696,NA
506,"sul15",79,"zNegative_35",406.852140513735,NA
506,"uidA616",9,"zNegative_35",51.0816207588305,NA
506,"tetA13",68,"zNegative_35",179.496739852089,NA
506,"sul336",68,"zNegative_35",651.156032356883,NA
506,"aac3VI23",17,"zNegative_35",43.3275644759138,NA
506,"sul22",16,"zNegative_35",234.331413109493,NA
506,"aac3II63",1,"zNegative_35",3.768131939875,NA
506,"ant2Ia1",30,"zNegative_35",225.708178159779,NA
506,"gadph195",10,"zNegative_35",105.058327370762,NA
506,"stx11581",5,"zNegative_35",41.8241822416477,NA
506,"aadA57",7,"zNegative_35",23.5136927375065,NA
506,"mcr64",6,"zNegative_35",89.7884189932358,NA
506,"Tsp19",4,"zNegative_35",21.8678047948649,NA
506,"eae111",3,"zNegative_35",23.7304952007239,NA
506,"eltA73",13,"zNegative_35",100.946481015484,NA
506,"aaiC47",1,"zNegative_35",13.6202465566286,NA
506,"chuA24",11,"zNegative_35",120.880769045547,NA
506,"dfrA1",9,"zNegative_35",171.576934043566,NA
506,"aadA1",1,"zNegative_35",14.1571352863536,NA
506,"tetM34",1,"zNegative_35",19.905700783891,NA
506,"astA13",3,"zNegative_35",10.8982949359371,NA
506,"eltB12",1,"zNegative_35",4.11448275856325,NA
506,"mphA18",2,"zNegative_35",17.0702477702863,NA
506,"aap223",1,"zNegative_35",2.87320121980796,NA
506,"ipaH321",3,"zNegative_35",21.2616862461866,NA
506,"intI125",1,"zNegative_35",1,NA
506,"arpA19",1,"zNegative_35",7.89715486823765,NA
506,"aggR11",1,"zNegative_35",41.2496354721484,NA
506,"qnrS1",1,"zNegative_35",7.41224995740564,NA
506,"aatA22",1,"zNegative_35",1,NA
506,"aac6I6",1,"zNegative_35",24.2770971057034,NA
507,"dfrA15",6056,"zNegative_36",45044.3140768821,NA
507,"mcr28",234,"zNegative_36",3302.48592248652,NA
507,"bfpA82",157,"zNegative_36",1344.94106231646,NA
507,"qnrB7",780,"zNegative_36",3932.28470087176,NA
507,"trpA354",21,"zNegative_36",134.062059371692,NA
507,"tetA13",65,"zNegative_36",179.496739852089,NA
507,"dfrA243",463,"zNegative_36",3059.13029908572,NA
507,"aph6I29",437,"zNegative_36",1564.71149082057,NA
507,"eae6271",50,"zNegative_36",513.949347429163,NA
507,"dfrA369",538,"zNegative_36",8679.36043701556,NA
507,"aadA57",5,"zNegative_36",23.5136927375065,NA
507,"invE132",128,"zNegative_36",1873.07522286973,NA
507,"gadph195",9,"zNegative_36",105.058327370762,NA
507,"sul15",87,"zNegative_36",406.852140513735,NA
507,"sul336",63,"zNegative_36",651.156032356883,NA
507,"mphA18",3,"zNegative_36",17.0702477702863,NA
507,"chuA24",27,"zNegative_36",120.880769045547,NA
507,"dfrA58",142,"zNegative_36",570.011106605434,NA
507,"ipaH921",152,"zNegative_36",892.457127114583,NA
507,"tetB43",16,"zNegative_36",186.174284143104,NA
507,"dfrA1",12,"zNegative_36",171.576934043566,NA
507,"mcr64",6,"zNegative_36",89.7884189932358,NA
507,"eltA73",11,"zNegative_36",100.946481015484,NA
507,"stx1301",40,"zNegative_36",383.16671651034,NA
507,"ant2Ia1",43,"zNegative_36",225.708178159779,NA
507,"eae111",5,"zNegative_36",23.7304952007239,NA
507,"uidA616",7,"zNegative_36",51.0816207588305,NA
507,"yjaA12",14,"zNegative_36",194.115628268021,NA
507,"stx23291",10,"zNegative_36",78.4426543581793,NA
507,"aac3VI23",14,"zNegative_36",43.3275644759138,NA
507,"aac3II63",2,"zNegative_36",3.768131939875,NA
507,"aaiC17",1,"zNegative_36",20.0162425863696,NA
507,"estIa94",1,"zNegative_36",7.15894419987053,NA
507,"aac6I6",4,"zNegative_36",24.2770971057034,NA
507,"sul22",13,"zNegative_36",234.331413109493,NA
507,"Tsp19",3,"zNegative_36",21.8678047948649,NA
507,"astA13",1,"zNegative_36",10.8982949359371,NA
507,"aggR11",2,"zNegative_36",41.2496354721484,NA
507,"ipaH321",1,"zNegative_36",21.2616862461866,NA
507,"qnrS1",1,"zNegative_36",7.41224995740564,NA
507,"aadA1",1,"zNegative_36",14.1571352863536,NA
507,"stx2181",1,"zNegative_36",28.4620161784287,NA
508,"dfrA15",6770,"zNegative_37",45044.3140768821,NA
508,"aph6I29",511,"zNegative_37",1564.71149082057,NA
508,"qnrB7",889,"zNegative_37",3932.28470087176,NA
508,"invE132",187,"zNegative_37",1873.07522286973,NA
508,"dfrA369",642,"zNegative_37",8679.36043701556,NA
508,"ipaH921",185,"zNegative_37",892.457127114583,NA
508,"aadA57",6,"zNegative_37",23.5136927375065,NA
508,"dfrA243",532,"zNegative_37",3059.13029908572,NA
508,"mcr28",318,"zNegative_37",3302.48592248652,NA
508,"mcr64",5,"zNegative_37",89.7884189932358,NA
508,"dfrA58",169,"zNegative_37",570.011106605434,NA
508,"bfpA82",187,"zNegative_37",1344.94106231646,NA
508,"tetA13",83,"zNegative_37",179.496739852089,NA
508,"sul336",70,"zNegative_37",651.156032356883,NA
508,"stx1301",42,"zNegative_37",383.16671651034,NA
508,"sul15",101,"zNegative_37",406.852140513735,NA
508,"yjaA12",22,"zNegative_37",194.115628268021,NA
508,"aac3VI23",16,"zNegative_37",43.3275644759138,NA
508,"sul22",17,"zNegative_37",234.331413109493,NA
508,"trpA354",24,"zNegative_37",134.062059371692,NA
508,"eae6271",40,"zNegative_37",513.949347429163,NA
508,"ant2Ia1",41,"zNegative_37",225.708178159779,NA
508,"chuA24",15,"zNegative_37",120.880769045547,NA
508,"aap223",2,"zNegative_37",2.87320121980796,NA
508,"uidA616",17,"zNegative_37",51.0816207588305,NA
508,"gadph195",18,"zNegative_37",105.058327370762,NA
508,"stx23291",11,"zNegative_37",78.4426543581793,NA
508,"stx11581",3,"zNegative_37",41.8241822416477,NA
508,"eltA73",12,"zNegative_37",100.946481015484,NA
508,"tetM34",3,"zNegative_37",19.905700783891,NA
508,"stx2181",3,"zNegative_37",28.4620161784287,NA
508,"qnrS1",1,"zNegative_37",7.41224995740564,NA
508,"ermB1",1,"zNegative_37",9.18421024727134,NA
508,"eltB12",1,"zNegative_37",4.11448275856325,NA
508,"tetB43",25,"zNegative_37",186.174284143104,NA
508,"astA13",5,"zNegative_37",10.8982949359371,NA
508,"ipaH321",4,"zNegative_37",21.2616862461866,NA
508,"mphA18",3,"zNegative_37",17.0702477702863,NA
508,"aadA1",2,"zNegative_37",14.1571352863536,NA
508,"estIa94",1,"zNegative_37",7.15894419987053,NA
508,"Tsp19",4,"zNegative_37",21.8678047948649,NA
508,"dfrA1",11,"zNegative_37",171.576934043566,NA
508,"aac6I6",6,"zNegative_37",24.2770971057034,NA
508,"eae111",2,"zNegative_37",23.7304952007239,NA
508,"aac6I123",1,"zNegative_37",11.3437589734004,NA
509,"dfrA243",462,"zNegative_38",3059.13029908572,NA
509,"bfpA82",169,"zNegative_38",1344.94106231646,NA
509,"dfrA15",6349,"zNegative_38",45044.3140768821,NA
509,"mcr28",276,"zNegative_38",3302.48592248652,NA
509,"qnrB7",861,"zNegative_38",3932.28470087176,NA
509,"dfrA369",616,"zNegative_38",8679.36043701556,NA
509,"dfrA58",143,"zNegative_38",570.011106605434,NA
509,"aph6I29",427,"zNegative_38",1564.71149082057,NA
509,"invE132",174,"zNegative_38",1873.07522286973,NA
509,"ipaH921",154,"zNegative_38",892.457127114583,NA
509,"tetA13",82,"zNegative_38",179.496739852089,NA
509,"aadA57",8,"zNegative_38",23.5136927375065,NA
509,"aac3VI23",17,"zNegative_38",43.3275644759138,NA
509,"trpA354",17,"zNegative_38",134.062059371692,NA
509,"stx1301",44,"zNegative_38",383.16671651034,NA
509,"eltA73",18,"zNegative_38",100.946481015484,NA
509,"yjaA12",19,"zNegative_38",194.115628268021,NA
509,"tetB43",25,"zNegative_38",186.174284143104,NA
509,"sul15",105,"zNegative_38",406.852140513735,NA
509,"ant2Ia1",54,"zNegative_38",225.708178159779,NA
509,"gadph195",13,"zNegative_38",105.058327370762,NA
509,"mcr64",10,"zNegative_38",89.7884189932358,NA
509,"eae6271",37,"zNegative_38",513.949347429163,NA
509,"chuA24",18,"zNegative_38",120.880769045547,NA
509,"Tsp19",10,"zNegative_38",21.8678047948649,NA
509,"sul336",76,"zNegative_38",651.156032356883,NA
509,"sul22",22,"zNegative_38",234.331413109493,NA
509,"stx23291",10,"zNegative_38",78.4426543581793,NA
509,"uidA616",11,"zNegative_38",51.0816207588305,NA
509,"eltA4510",1,"zNegative_38",6.28783638827619,NA
509,"ipaH321",7,"zNegative_38",21.2616862461866,NA
509,"aadA1",5,"zNegative_38",14.1571352863536,NA
509,"aac6I6",2,"zNegative_38",24.2770971057034,NA
509,"dfrA1",7,"zNegative_38",171.576934043566,NA
509,"astA13",4,"zNegative_38",10.8982949359371,NA
509,"tetM34",2,"zNegative_38",19.905700783891,NA
509,"stx2181",2,"zNegative_38",28.4620161784287,NA
509,"stx11581",4,"zNegative_38",41.8241822416477,NA
509,"qnrS1",1,"zNegative_38",7.41224995740564,NA
509,"aac3II63",1,"zNegative_38",3.768131939875,NA
509,"aafA83",1,"zNegative_38",1,NA
509,"aggR11",1,"zNegative_38",41.2496354721484,NA
509,"mphA18",2,"zNegative_38",17.0702477702863,NA
509,"arpA19",1,"zNegative_38",7.89715486823765,NA
509,"aph3386",1,"zNegative_38",1,NA
510,"aadA57",10,"zNegative_39",23.5136927375065,NA
510,"qnrB7",2413,"zNegative_39",3932.28470087176,NA
510,"dfrA15",22074,"zNegative_39",45044.3140768821,NA
510,"ipaH921",515,"zNegative_39",892.457127114583,NA
510,"dfrA243",1648,"zNegative_39",3059.13029908572,NA
510,"aph6I29",896,"zNegative_39",1564.71149082057,NA
510,"bfpA82",708,"zNegative_39",1344.94106231646,NA
510,"sul15",261,"zNegative_39",406.852140513735,NA
510,"dfrA58",367,"zNegative_39",570.011106605434,NA
510,"mcr28",1267,"zNegative_39",3302.48592248652,NA
510,"dfrA369",3070,"zNegative_39",8679.36043701556,NA
510,"yjaA12",102,"zNegative_39",194.115628268021,NA
510,"sul336",326,"zNegative_39",651.156032356883,NA
510,"stx23291",40,"zNegative_39",78.4426543581793,NA
510,"stx1301",199,"zNegative_39",383.16671651034,NA
510,"invE132",763,"zNegative_39",1873.07522286973,NA
510,"tetA13",102,"zNegative_39",179.496739852089,NA
510,"chuA24",61,"zNegative_39",120.880769045547,NA
510,"trpA354",59,"zNegative_39",134.062059371692,NA
510,"dfrA1",58,"zNegative_39",171.576934043566,NA
510,"eae6271",203,"zNegative_39",513.949347429163,NA
510,"ant2Ia1",124,"zNegative_39",225.708178159779,NA
510,"tetB43",117,"zNegative_39",186.174284143104,NA
510,"sul22",112,"zNegative_39",234.331413109493,NA
510,"gadph195",55,"zNegative_39",105.058327370762,NA
510,"eltA73",57,"zNegative_39",100.946481015484,NA
510,"Tsp19",12,"zNegative_39",21.8678047948649,NA
510,"mcr64",32,"zNegative_39",89.7884189932358,NA
510,"uidA616",33,"zNegative_39",51.0816207588305,NA
510,"mphA18",8,"zNegative_39",17.0702477702863,NA
510,"stx2181",15,"zNegative_39",28.4620161784287,NA
510,"aap223",1,"zNegative_39",2.87320121980796,NA
510,"aatA12314",1,"zNegative_39",3.3721961330149,NA
510,"astA13",6,"zNegative_39",10.8982949359371,NA
510,"stx11581",21,"zNegative_39",41.8241822416477,NA
510,"aaiC17",4,"zNegative_39",20.0162425863696,NA
510,"aac3VI23",23,"zNegative_39",43.3275644759138,NA
510,"tetM34",6,"zNegative_39",19.905700783891,NA
510,"aadA1",4,"zNegative_39",14.1571352863536,NA
510,"eltA4510",3,"zNegative_39",6.28783638827619,NA
510,"eae111",12,"zNegative_39",23.7304952007239,NA
510,"aadA21",5,"zNegative_39",9.14218305826812,NA
510,"aaiC47",3,"zNegative_39",13.6202465566286,NA
510,"aac3II63",3,"zNegative_39",3.768131939875,NA
510,"aac6I123",1,"zNegative_39",11.3437589734004,NA
510,"aggR11",2,"zNegative_39",41.2496354721484,NA
510,"ipaH321",4,"zNegative_39",21.2616862461866,NA
510,"aac6I6",6,"zNegative_39",24.2770971057034,NA
510,"qnrS1",1,"zNegative_39",7.41224995740564,NA
510,"bfpF105",1,"zNegative_39",2.84048617445339,NA
510,"arpA19",1,"zNegative_39",7.89715486823765,NA
511,"qnrB7",800,"zNegative_40",3932.28470087176,NA
511,"dfrA369",655,"zNegative_40",8679.36043701556,NA
511,"dfrA15",5678,"zNegative_40",45044.3140768821,NA
511,"mcr28",273,"zNegative_40",3302.48592248652,NA
511,"aph6I29",375,"zNegative_40",1564.71149082057,NA
511,"ipaH921",137,"zNegative_40",892.457127114583,NA
511,"aadA57",6,"zNegative_40",23.5136927375065,NA
511,"bfpA82",174,"zNegative_40",1344.94106231646,NA
511,"sul15",62,"zNegative_40",406.852140513735,NA
511,"stx1301",45,"zNegative_40",383.16671651034,NA
511,"sul336",73,"zNegative_40",651.156032356883,NA
511,"dfrA58",128,"zNegative_40",570.011106605434,NA
511,"dfrA243",407,"zNegative_40",3059.13029908572,NA
511,"stx23291",10,"zNegative_40",78.4426543581793,NA
511,"gadph195",15,"zNegative_40",105.058327370762,NA
511,"tetA13",77,"zNegative_40",179.496739852089,NA
511,"invE132",153,"zNegative_40",1873.07522286973,NA
511,"tetB43",17,"zNegative_40",186.174284143104,NA
511,"mcr64",5,"zNegative_40",89.7884189932358,NA
511,"trpA354",23,"zNegative_40",134.062059371692,NA
511,"eae6271",34,"zNegative_40",513.949347429163,NA
511,"sul22",19,"zNegative_40",234.331413109493,NA
511,"yjaA12",22,"zNegative_40",194.115628268021,NA
511,"eltA73",6,"zNegative_40",100.946481015484,NA
511,"dfrA1",16,"zNegative_40",171.576934043566,NA
511,"ant2Ia1",34,"zNegative_40",225.708178159779,NA
511,"chuA24",15,"zNegative_40",120.880769045547,NA
511,"aac6I6",1,"zNegative_40",24.2770971057034,NA
511,"aadA21",1,"zNegative_40",9.14218305826812,NA
511,"mphA18",7,"zNegative_40",17.0702477702863,NA
511,"stx11581",2,"zNegative_40",41.8241822416477,NA
511,"aac3VI23",12,"zNegative_40",43.3275644759138,NA
511,"uidA616",10,"zNegative_40",51.0816207588305,NA
511,"aaiC17",2,"zNegative_40",20.0162425863696,NA
511,"Tsp19",2,"zNegative_40",21.8678047948649,NA
511,"eae111",3,"zNegative_40",23.7304952007239,NA
511,"aadA1",1,"zNegative_40",14.1571352863536,NA
511,"aap223",2,"zNegative_40",2.87320121980796,NA
511,"tetM34",2,"zNegative_40",19.905700783891,NA
511,"stx2181",1,"zNegative_40",28.4620161784287,NA
511,"astA13",1,"zNegative_40",10.8982949359371,NA
511,"ipaH321",2,"zNegative_40",21.2616862461866,NA
511,"arpA19",1,"zNegative_40",7.89715486823765,NA
511,"bfpF56",2,"zNegative_40",2.97627866533694,NA
512,"aadA57",20,"zNegative_41",23.5136927375065,NA
512,"aph6I29",1220,"zNegative_41",1564.71149082057,NA
512,"dfrA15",32434,"zNegative_41",45044.3140768821,NA
512,"bfpA82",957,"zNegative_41",1344.94106231646,NA
512,"gadph195",74,"zNegative_41",105.058327370762,NA
512,"dfrA243",2198,"zNegative_41",3059.13029908572,NA
512,"yjaA12",120,"zNegative_41",194.115628268021,NA
512,"ipaH921",691,"zNegative_41",892.457127114583,NA
512,"qnrB7",3017,"zNegative_41",3932.28470087176,NA
512,"dfrA58",443,"zNegative_41",570.011106605434,NA
512,"mcr28",2103,"zNegative_41",3302.48592248652,NA
512,"aac3VI23",31,"zNegative_41",43.3275644759138,NA
512,"chuA24",89,"zNegative_41",120.880769045547,NA
512,"dfrA369",5253,"zNegative_41",8679.36043701556,NA
512,"sul22",155,"zNegative_41",234.331413109493,NA
512,"ant2Ia1",173,"zNegative_41",225.708178159779,NA
512,"stx1301",247,"zNegative_41",383.16671651034,NA
512,"trpA354",100,"zNegative_41",134.062059371692,NA
512,"sul336",457,"zNegative_41",651.156032356883,NA
512,"invE132",1249,"zNegative_41",1873.07522286973,NA
512,"sul15",305,"zNegative_41",406.852140513735,NA
512,"tetB43",139,"zNegative_41",186.174284143104,NA
512,"eae111",16,"zNegative_41",23.7304952007239,NA
512,"tetA13",140,"zNegative_41",179.496739852089,NA
512,"uidA616",39,"zNegative_41",51.0816207588305,NA
512,"eae6271",336,"zNegative_41",513.949347429163,NA
512,"aac6I6",13,"zNegative_41",24.2770971057034,NA
512,"stx2181",19,"zNegative_41",28.4620161784287,NA
512,"dfrA1",111,"zNegative_41",171.576934043566,NA
512,"ipaH321",15,"zNegative_41",21.2616862461866,NA
512,"stx23291",54,"zNegative_41",78.4426543581793,NA
512,"stx11581",24,"zNegative_41",41.8241822416477,NA
512,"eltA73",72,"zNegative_41",100.946481015484,NA
512,"mphA18",14,"zNegative_41",17.0702477702863,NA
512,"mcr64",60,"zNegative_41",89.7884189932358,NA
512,"estIa94",5,"zNegative_41",7.15894419987053,NA
512,"ermB1",4,"zNegative_41",9.18421024727134,NA
512,"aaiC17",14,"zNegative_41",20.0162425863696,NA
512,"Tsp19",13,"zNegative_41",21.8678047948649,NA
512,"astA13",9,"zNegative_41",10.8982949359371,NA
512,"aadA1",10,"zNegative_41",14.1571352863536,NA
512,"arpA19",4,"zNegative_41",7.89715486823765,NA
512,"tetM34",13,"zNegative_41",19.905700783891,NA
512,"bfpF56",1,"zNegative_41",2.97627866533694,NA
512,"eltB12",3,"zNegative_41",4.11448275856325,NA
512,"aaiC47",4,"zNegative_41",13.6202465566286,NA
512,"aggR11",10,"zNegative_41",41.2496354721484,NA
512,"eltB2318",1,"zNegative_41",3.83864029633549,NA
512,"aadA21",2,"zNegative_41",9.14218305826812,NA
512,"aatA12314",2,"zNegative_41",3.3721961330149,NA
512,"qnrS1",1,"zNegative_41",7.41224995740564,NA
512,"aac6I123",3,"zNegative_41",11.3437589734004,NA
512,"aac3II63",1,"zNegative_41",3.768131939875,NA
513,"dfrA15",5612,"zNegative_42",45044.3140768821,NA
513,"dfrA369",539,"zNegative_42",8679.36043701556,NA
513,"dfrA243",423,"zNegative_42",3059.13029908572,NA
513,"qnrB7",764,"zNegative_42",3932.28470087176,NA
513,"sul15",84,"zNegative_42",406.852140513735,NA
513,"eltA73",17,"zNegative_42",100.946481015484,NA
513,"mcr28",235,"zNegative_42",3302.48592248652,NA
513,"aph6I29",403,"zNegative_42",1564.71149082057,NA
513,"sul22",17,"zNegative_42",234.331413109493,NA
513,"ipaH921",136,"zNegative_42",892.457127114583,NA
513,"dfrA58",125,"zNegative_42",570.011106605434,NA
513,"aadA57",3,"zNegative_42",23.5136927375065,NA
513,"sul336",99,"zNegative_42",651.156032356883,NA
513,"bfpA82",157,"zNegative_42",1344.94106231646,NA
513,"invE132",149,"zNegative_42",1873.07522286973,NA
513,"uidA616",8,"zNegative_42",51.0816207588305,NA
513,"aac3VI23",18,"zNegative_42",43.3275644759138,NA
513,"eae111",2,"zNegative_42",23.7304952007239,NA
513,"dfrA1",14,"zNegative_42",171.576934043566,NA
513,"stx1301",29,"zNegative_42",383.16671651034,NA
513,"tetA13",74,"zNegative_42",179.496739852089,NA
513,"chuA24",22,"zNegative_42",120.880769045547,NA
513,"trpA354",9,"zNegative_42",134.062059371692,NA
513,"yjaA12",29,"zNegative_42",194.115628268021,NA
513,"tetM34",3,"zNegative_42",19.905700783891,NA
513,"ant2Ia1",41,"zNegative_42",225.708178159779,NA
513,"gadph195",17,"zNegative_42",105.058327370762,NA
513,"eae6271",44,"zNegative_42",513.949347429163,NA
513,"tetB43",23,"zNegative_42",186.174284143104,NA
513,"astA13",3,"zNegative_42",10.8982949359371,NA
513,"stx23291",9,"zNegative_42",78.4426543581793,NA
513,"stx11581",5,"zNegative_42",41.8241822416477,NA
513,"arpA19",2,"zNegative_42",7.89715486823765,NA
513,"Tsp19",3,"zNegative_42",21.8678047948649,NA
513,"mcr64",5,"zNegative_42",89.7884189932358,NA
513,"aggR11",2,"zNegative_42",41.2496354721484,NA
513,"aaiC47",1,"zNegative_42",13.6202465566286,NA
513,"stx2181",2,"zNegative_42",28.4620161784287,NA
513,"bfpF56",1,"zNegative_42",2.97627866533694,NA
513,"mphA18",2,"zNegative_42",17.0702477702863,NA
513,"ipaH321",1,"zNegative_42",21.2616862461866,NA
514,"dfrA369",481,"zNegative_43",8679.36043701556,NA
514,"dfrA15",4691,"zNegative_43",45044.3140768821,NA
514,"sul336",71,"zNegative_43",651.156032356883,NA
514,"ipaH921",107,"zNegative_43",892.457127114583,NA
514,"mcr28",193,"zNegative_43",3302.48592248652,NA
514,"aph6I29",321,"zNegative_43",1564.71149082057,NA
514,"qnrB7",577,"zNegative_43",3932.28470087176,NA
514,"bfpA82",116,"zNegative_43",1344.94106231646,NA
514,"dfrA243",341,"zNegative_43",3059.13029908572,NA
514,"invE132",133,"zNegative_43",1873.07522286973,NA
514,"eae6271",29,"zNegative_43",513.949347429163,NA
514,"tetA13",49,"zNegative_43",179.496739852089,NA
514,"aac3VI23",11,"zNegative_43",43.3275644759138,NA
514,"dfrA58",100,"zNegative_43",570.011106605434,NA
514,"uidA616",4,"zNegative_43",51.0816207588305,NA
514,"trpA354",14,"zNegative_43",134.062059371692,NA
514,"yjaA12",17,"zNegative_43",194.115628268021,NA
514,"sul22",16,"zNegative_43",234.331413109493,NA
514,"ant2Ia1",27,"zNegative_43",225.708178159779,NA
514,"ipaH321",3,"zNegative_43",21.2616862461866,NA
514,"sul15",50,"zNegative_43",406.852140513735,NA
514,"aadA1",1,"zNegative_43",14.1571352863536,NA
514,"eltB12",1,"zNegative_43",4.11448275856325,NA
514,"chuA24",16,"zNegative_43",120.880769045547,NA
514,"gadph195",9,"zNegative_43",105.058327370762,NA
514,"stx1301",34,"zNegative_43",383.16671651034,NA
514,"eltA73",8,"zNegative_43",100.946481015484,NA
514,"astA13",1,"zNegative_43",10.8982949359371,NA
514,"mphA18",3,"zNegative_43",17.0702477702863,NA
514,"aggR11",1,"zNegative_43",41.2496354721484,NA
514,"dfrA1",9,"zNegative_43",171.576934043566,NA
514,"aaiC47",1,"zNegative_43",13.6202465566286,NA
514,"stx23291",7,"zNegative_43",78.4426543581793,NA
514,"tetM34",3,"zNegative_43",19.905700783891,NA
514,"tetB43",13,"zNegative_43",186.174284143104,NA
514,"aap223",1,"zNegative_43",2.87320121980796,NA
514,"aac6I6",2,"zNegative_43",24.2770971057034,NA
514,"stx11581",2,"zNegative_43",41.8241822416477,NA
514,"aadA57",5,"zNegative_43",23.5136927375065,NA
514,"mcr64",7,"zNegative_43",89.7884189932358,NA
514,"stx2181",1,"zNegative_43",28.4620161784287,NA
514,"aaiC17",2,"zNegative_43",20.0162425863696,NA
514,"Tsp19",2,"zNegative_43",21.8678047948649,NA
514,"aadA21",1,"zNegative_43",9.14218305826812,NA
515,"aph6I29",446,"zNegative_44",1564.71149082057,NA
515,"dfrA15",6602,"zNegative_44",45044.3140768821,NA
515,"dfrA369",636,"zNegative_44",8679.36043701556,NA
515,"bfpA82",183,"zNegative_44",1344.94106231646,NA
515,"mcr28",282,"zNegative_44",3302.48592248652,NA
515,"qnrB7",841,"zNegative_44",3932.28470087176,NA
515,"ipaH921",167,"zNegative_44",892.457127114583,NA
515,"tetB43",28,"zNegative_44",186.174284143104,NA
515,"sul336",77,"zNegative_44",651.156032356883,NA
515,"eae6271",41,"zNegative_44",513.949347429163,NA
515,"dfrA243",482,"zNegative_44",3059.13029908572,NA
515,"tetA13",89,"zNegative_44",179.496739852089,NA
515,"sul15",116,"zNegative_44",406.852140513735,NA
515,"dfrA58",148,"zNegative_44",570.011106605434,NA
515,"invE132",162,"zNegative_44",1873.07522286973,NA
515,"chuA24",28,"zNegative_44",120.880769045547,NA
515,"gadph195",18,"zNegative_44",105.058327370762,NA
515,"ant2Ia1",61,"zNegative_44",225.708178159779,NA
515,"uidA616",9,"zNegative_44",51.0816207588305,NA
515,"stx1301",45,"zNegative_44",383.16671651034,NA
515,"aac3VI23",16,"zNegative_44",43.3275644759138,NA
515,"sul22",17,"zNegative_44",234.331413109493,NA
515,"eltA73",11,"zNegative_44",100.946481015484,NA
515,"ipaH321",6,"zNegative_44",21.2616862461866,NA
515,"dfrA1",10,"zNegative_44",171.576934043566,NA
515,"stx23291",11,"zNegative_44",78.4426543581793,NA
515,"mcr64",9,"zNegative_44",89.7884189932358,NA
515,"trpA354",15,"zNegative_44",134.062059371692,NA
515,"yjaA12",20,"zNegative_44",194.115628268021,NA
515,"aac6I6",6,"zNegative_44",24.2770971057034,NA
515,"stx11581",5,"zNegative_44",41.8241822416477,NA
515,"stx2181",4,"zNegative_44",28.4620161784287,NA
515,"astA13",4,"zNegative_44",10.8982949359371,NA
515,"aadA57",4,"zNegative_44",23.5136927375065,NA
515,"tetM34",3,"zNegative_44",19.905700783891,NA
515,"aggR11",1,"zNegative_44",41.2496354721484,NA
515,"estIa1515",1,"zNegative_44",4.64619414520943,NA
515,"aadA1",2,"zNegative_44",14.1571352863536,NA
515,"aaiC17",1,"zNegative_44",20.0162425863696,NA
515,"Tsp19",2,"zNegative_44",21.8678047948649,NA
515,"aac3II63",1,"zNegative_44",3.768131939875,NA
516,"dfrA15",8730,"zNegative_45",45044.3140768821,NA
516,"aph6I29",538,"zNegative_45",1564.71149082057,NA
516,"sul336",105,"zNegative_45",651.156032356883,NA
516,"dfrA243",646,"zNegative_45",3059.13029908572,NA
516,"aadA57",4,"zNegative_45",23.5136927375065,NA
516,"dfrA58",164,"zNegative_45",570.011106605434,NA
516,"qnrB7",1043,"zNegative_45",3932.28470087176,NA
516,"tetA13",95,"zNegative_45",179.496739852089,NA
516,"ipaH921",244,"zNegative_45",892.457127114583,NA
516,"dfrA369",820,"zNegative_45",8679.36043701556,NA
516,"invE132",240,"zNegative_45",1873.07522286973,NA
516,"bfpA82",238,"zNegative_45",1344.94106231646,NA
516,"mcr28",392,"zNegative_45",3302.48592248652,NA
516,"sul15",106,"zNegative_45",406.852140513735,NA
516,"eae6271",72,"zNegative_45",513.949347429163,NA
516,"yjaA12",38,"zNegative_45",194.115628268021,NA
516,"stx1301",45,"zNegative_45",383.16671651034,NA
516,"trpA354",33,"zNegative_45",134.062059371692,NA
516,"stx2181",4,"zNegative_45",28.4620161784287,NA
516,"ant2Ia1",72,"zNegative_45",225.708178159779,NA
516,"uidA616",10,"zNegative_45",51.0816207588305,NA
516,"gadph195",14,"zNegative_45",105.058327370762,NA
516,"chuA24",30,"zNegative_45",120.880769045547,NA
516,"ermB1",1,"zNegative_45",9.18421024727134,NA
516,"tetB43",21,"zNegative_45",186.174284143104,NA
516,"mphA18",3,"zNegative_45",17.0702477702863,NA
516,"ipaH321",8,"zNegative_45",21.2616862461866,NA
516,"eltA73",20,"zNegative_45",100.946481015484,NA
516,"stx23291",7,"zNegative_45",78.4426543581793,NA
516,"sul22",22,"zNegative_45",234.331413109493,NA
516,"aac3VI23",19,"zNegative_45",43.3275644759138,NA
516,"aac6I6",6,"zNegative_45",24.2770971057034,NA
516,"bfpF56",2,"zNegative_45",2.97627866533694,NA
516,"dfrA1",15,"zNegative_45",171.576934043566,NA
516,"Tsp19",5,"zNegative_45",21.8678047948649,NA
516,"astA13",2,"zNegative_45",10.8982949359371,NA
516,"eae111",4,"zNegative_45",23.7304952007239,NA
516,"aaiC47",2,"zNegative_45",13.6202465566286,NA
516,"stx11581",6,"zNegative_45",41.8241822416477,NA
516,"aggR11",2,"zNegative_45",41.2496354721484,NA
516,"mcr64",3,"zNegative_45",89.7884189932358,NA
516,"tetM34",4,"zNegative_45",19.905700783891,NA
516,"aadA1",3,"zNegative_45",14.1571352863536,NA
516,"aatA12314",1,"zNegative_45",3.3721961330149,NA
516,"aap223",1,"zNegative_45",2.87320121980796,NA
516,"qnrS1",1,"zNegative_45",7.41224995740564,NA
517,"bfpA82",156,"zNegative_46",1344.94106231646,NA
517,"dfrA15",4751,"zNegative_46",45044.3140768821,NA
517,"mcr28",210,"zNegative_46",3302.48592248652,NA
517,"chuA24",22,"zNegative_46",120.880769045547,NA
517,"dfrA243",358,"zNegative_46",3059.13029908572,NA
517,"sul22",19,"zNegative_46",234.331413109493,NA
517,"dfrA369",447,"zNegative_46",8679.36043701556,NA
517,"aph6I29",354,"zNegative_46",1564.71149082057,NA
517,"ant2Ia1",41,"zNegative_46",225.708178159779,NA
517,"qnrB7",573,"zNegative_46",3932.28470087176,NA
517,"invE132",111,"zNegative_46",1873.07522286973,NA
517,"stx1301",35,"zNegative_46",383.16671651034,NA
517,"dfrA58",98,"zNegative_46",570.011106605434,NA
517,"Tsp19",2,"zNegative_46",21.8678047948649,NA
517,"sul15",64,"zNegative_46",406.852140513735,NA
517,"ipaH921",115,"zNegative_46",892.457127114583,NA
517,"tetA13",50,"zNegative_46",179.496739852089,NA
517,"tetB43",24,"zNegative_46",186.174284143104,NA
517,"ipaH321",3,"zNegative_46",21.2616862461866,NA
517,"dfrA1",11,"zNegative_46",171.576934043566,NA
517,"sul336",70,"zNegative_46",651.156032356883,NA
517,"eltA73",14,"zNegative_46",100.946481015484,NA
517,"trpA354",11,"zNegative_46",134.062059371692,NA
517,"aac3VI23",8,"zNegative_46",43.3275644759138,NA
517,"eae6271",42,"zNegative_46",513.949347429163,NA
517,"yjaA12",14,"zNegative_46",194.115628268021,NA
517,"mphA18",3,"zNegative_46",17.0702477702863,NA
517,"aadA57",2,"zNegative_46",23.5136927375065,NA
517,"eltB12",1,"zNegative_46",4.11448275856325,NA
517,"mcr64",2,"zNegative_46",89.7884189932358,NA
517,"aaiC17",2,"zNegative_46",20.0162425863696,NA
517,"aadA21",1,"zNegative_46",9.14218305826812,NA
517,"gadph195",12,"zNegative_46",105.058327370762,NA
517,"astA13",2,"zNegative_46",10.8982949359371,NA
517,"aac6I6",3,"zNegative_46",24.2770971057034,NA
517,"aac6I123",1,"zNegative_46",11.3437589734004,NA
517,"stx11581",1,"zNegative_46",41.8241822416477,NA
517,"tetM34",1,"zNegative_46",19.905700783891,NA
517,"uidA616",4,"zNegative_46",51.0816207588305,NA
517,"stx23291",2,"zNegative_46",78.4426543581793,NA
517,"stx2181",1,"zNegative_46",28.4620161784287,NA
517,"qnrS1",1,"zNegative_46",7.41224995740564,NA
518,"aph6I29",249,"zNegative_47",1564.71149082057,NA
518,"bfpA82",128,"zNegative_47",1344.94106231646,NA
518,"dfrA15",4162,"zNegative_47",45044.3140768821,NA
518,"mcr28",172,"zNegative_47",3302.48592248652,NA
518,"dfrA243",307,"zNegative_47",3059.13029908572,NA
518,"ipaH921",87,"zNegative_47",892.457127114583,NA
518,"qnrB7",477,"zNegative_47",3932.28470087176,NA
518,"sul336",59,"zNegative_47",651.156032356883,NA
518,"tetA13",42,"zNegative_47",179.496739852089,NA
518,"dfrA58",75,"zNegative_47",570.011106605434,NA
518,"dfrA369",406,"zNegative_47",8679.36043701556,NA
518,"invE132",122,"zNegative_47",1873.07522286973,NA
518,"yjaA12",16,"zNegative_47",194.115628268021,NA
518,"aac6I6",2,"zNegative_47",24.2770971057034,NA
518,"mcr64",4,"zNegative_47",89.7884189932358,NA
518,"eltA73",11,"zNegative_47",100.946481015484,NA
518,"dfrA1",6,"zNegative_47",171.576934043566,NA
518,"aadA57",4,"zNegative_47",23.5136927375065,NA
518,"eae111",2,"zNegative_47",23.7304952007239,NA
518,"sul15",55,"zNegative_47",406.852140513735,NA
518,"eae6271",32,"zNegative_47",513.949347429163,NA
518,"tetB43",14,"zNegative_47",186.174284143104,NA
518,"gadph195",16,"zNegative_47",105.058327370762,NA
518,"stx2181",1,"zNegative_47",28.4620161784287,NA
518,"trpA354",14,"zNegative_47",134.062059371692,NA
518,"ant2Ia1",23,"zNegative_47",225.708178159779,NA
518,"aggR11",2,"zNegative_47",41.2496354721484,NA
518,"chuA24",18,"zNegative_47",120.880769045547,NA
518,"stx1301",21,"zNegative_47",383.16671651034,NA
518,"sul22",16,"zNegative_47",234.331413109493,NA
518,"uidA616",9,"zNegative_47",51.0816207588305,NA
518,"stx11581",6,"zNegative_47",41.8241822416477,NA
518,"aac3VI23",12,"zNegative_47",43.3275644759138,NA
518,"stx23291",4,"zNegative_47",78.4426543581793,NA
518,"mphA18",1,"zNegative_47",17.0702477702863,NA
518,"tetM34",1,"zNegative_47",19.905700783891,NA
518,"aadA1",1,"zNegative_47",14.1571352863536,NA
518,"ipaH321",2,"zNegative_47",21.2616862461866,NA
518,"Tsp19",1,"zNegative_47",21.8678047948649,NA
518,"aadA21",1,"zNegative_47",9.14218305826812,NA
518,"qnrB35",1,"zNegative_47",1,NA
519,"dfrA15",5718,"zNegative_48",45044.3140768821,NA
519,"bfpA82",168,"zNegative_48",1344.94106231646,NA
519,"dfrA369",465,"zNegative_48",8679.36043701556,NA
519,"sul22",18,"zNegative_48",234.331413109493,NA
519,"dfrA58",134,"zNegative_48",570.011106605434,NA
519,"dfrA243",404,"zNegative_48",3059.13029908572,NA
519,"aadA57",5,"zNegative_48",23.5136927375065,NA
519,"aph6I29",423,"zNegative_48",1564.71149082057,NA
519,"qnrB7",738,"zNegative_48",3932.28470087176,NA
519,"tetB43",9,"zNegative_48",186.174284143104,NA
519,"sul15",90,"zNegative_48",406.852140513735,NA
519,"ipaH921",160,"zNegative_48",892.457127114583,NA
519,"mcr28",223,"zNegative_48",3302.48592248652,NA
519,"invE132",161,"zNegative_48",1873.07522286973,NA
519,"mphA18",3,"zNegative_48",17.0702477702863,NA
519,"aac3VI23",25,"zNegative_48",43.3275644759138,NA
519,"ant2Ia1",38,"zNegative_48",225.708178159779,NA
519,"eltA73",10,"zNegative_48",100.946481015484,NA
519,"aac6I6",4,"zNegative_48",24.2770971057034,NA
519,"tetA13",58,"zNegative_48",179.496739852089,NA
519,"yjaA12",15,"zNegative_48",194.115628268021,NA
519,"eae6271",41,"zNegative_48",513.949347429163,NA
519,"trpA354",18,"zNegative_48",134.062059371692,NA
519,"sul336",73,"zNegative_48",651.156032356883,NA
519,"dfrA1",11,"zNegative_48",171.576934043566,NA
519,"uidA616",14,"zNegative_48",51.0816207588305,NA
519,"stx23291",10,"zNegative_48",78.4426543581793,NA
519,"mcr64",7,"zNegative_48",89.7884189932358,NA
519,"chuA24",22,"zNegative_48",120.880769045547,NA
519,"gadph195",15,"zNegative_48",105.058327370762,NA
519,"stx1301",25,"zNegative_48",383.16671651034,NA
519,"Tsp19",2,"zNegative_48",21.8678047948649,NA
519,"astA13",1,"zNegative_48",10.8982949359371,NA
519,"aggR11",2,"zNegative_48",41.2496354721484,NA
519,"stx11581",4,"zNegative_48",41.8241822416477,NA
519,"eltA4510",1,"zNegative_48",6.28783638827619,NA
519,"ipaH321",8,"zNegative_48",21.2616862461866,NA
519,"stx2181",3,"zNegative_48",28.4620161784287,NA
519,"ermB1",1,"zNegative_48",9.18421024727134,NA
519,"eae111",1,"zNegative_48",23.7304952007239,NA
519,"tetM34",1,"zNegative_48",19.905700783891,NA
519,"aadA1",1,"zNegative_48",14.1571352863536,NA
519,"aaiC17",1,"zNegative_48",20.0162425863696,NA
519,"arpA19",1,"zNegative_48",7.89715486823765,NA
519,"aac6I123",1,"zNegative_48",11.3437589734004,NA
520,"ipaH921",2,"zPCRNeg_1",892.457127114583,NA
520,"mcr28",2,"zPCRNeg_1",3302.48592248652,NA
520,"dfrA15",10,"zPCRNeg_1",45044.3140768821,NA
520,"yjaA12",1,"zPCRNeg_1",194.115628268021,NA
520,"aggR11",2,"zPCRNeg_1",41.2496354721484,NA
520,"dfrA369",3,"zPCRNeg_1",8679.36043701556,NA
520,"invE132",2,"zPCRNeg_1",1873.07522286973,NA
520,"dfrA243",3,"zPCRNeg_1",3059.13029908572,NA
520,"qnrB7",2,"zPCRNeg_1",3932.28470087176,NA
520,"aph6I29",1,"zPCRNeg_1",1564.71149082057,NA
521,"eae6271",1,"zPCRNeg_2",513.949347429163,NA
521,"dfrA58",1,"zPCRNeg_2",570.011106605434,NA
521,"aggR11",2,"zPCRNeg_2",41.2496354721484,NA
521,"dfrA15",3,"zPCRNeg_2",45044.3140768821,NA
521,"aph6I29",1,"zPCRNeg_2",1564.71149082057,NA
